date,coal_price_usd,nickel_price_usd,usd_idr,coal_price_idr,nickel_price_idr,year,month,month_name,coal_mom_change,nickel_mom_change,coal_yoy_change,nickel_yoy_change,coal_ma3,coal_ma12,nickel_ma3,nickel_ma12,coal_volatility,nickel_volatility,coal_nickel_ratio,coal_above_ma12,nickel_above_ma12,market_period
1993-01-01,35.0000,5948.1001,2063.5000,72222.5000,12273904.5515,1993,1,Jan,0.0000,3.4238,-11.3924,-21.0199,35.0000,38.1875,5764.3351,6883.5599,2.0258,774.1435,0.0059,0,0,Pre-2000
1993-02-01,31.0000,6050.7500,2062.1500,63926.6500,12477554.1125,1993,2,Feb,-11.4286,1.7258,-21.5190,-23.2917,33.6667,37.4792,5916.6802,6730.4557,2.8454,738.2819,0.0051,0,0,Pre-2000
1993-03-01,31.0000,5974.9131,2066.3182,64055.8636,12346071.5443,1993,3,Mar,0.0000,-1.2533,-21.5190,-19.5889,32.3333,36.7708,5991.2544,6609.1605,3.3157,732.3658,0.0052,0,0,Pre-2000
1993-04-01,31.0000,5987.5000,2070.9048,64198.0476,12399542.2619,1993,4,Apr,0.0000,0.2107,-21.5190,-19.2836,31.0000,36.0625,6004.3877,6489.9563,3.5773,704.6443,0.0052,0,0,Pre-2000
1993-05-01,31.0000,5777.7896,2080.0789,64482.4474,12018258.4069,1993,5,May,0.0000,-3.5025,-21.5190,-21.2186,31.0000,35.3542,5913.4009,6360.2764,3.6749,677.8857,0.0054,0,0,Pre-2000
1993-06-01,31.0000,5544.3184,2085.2857,64643.8571,11561487.8703,1993,6,Jun,0.0000,-4.0408,-21.5190,-23.0208,31.0000,34.6458,5769.8693,6222.1060,3.6220,659.3663,0.0056,0,0,Pre-2000
1993-07-01,31.0000,5051.1816,2093.0588,64884.8235,10572420.3022,1993,7,Jul,0.0000,-8.8945,-21.5190,-32.7958,31.0000,33.9375,5457.7632,6016.6900,3.4114,600.9467,0.0061,0,0,Pre-2000
1993-08-01,31.0000,4740.4761,2096.6000,64994.6000,9938882.1372,1993,8,Aug,0.0000,-6.1511,-21.5190,-34.8813,31.0000,33.2292,5111.9920,5805.0839,3.0103,561.5387,0.0065,0,0,Pre-2000
1993-09-01,31.0000,4376.0454,2103.4900,65208.1901,9204967.7705,1993,9,Sep,0.0000,-7.6876,-21.5190,-36.7493,31.0000,32.5208,4722.5677,5593.2066,2.3220,582.4847,0.0071,0,0,Pre-2000
1993-10-01,31.0000,4464.8569,2104.4526,65238.0317,9396079.9466,1993,10,Oct,0.0000,2.0295,-16.7785,-29.3815,31.0000,32.0000,4527.1261,5438.4030,1.8091,616.8769,0.0069,0,0,Pre-2000
1993-11-01,31.0000,4642.2729,2099.0909,65071.8182,9744552.9452,1993,11,Nov,0.0000,3.9736,-11.4286,-17.0091,31.0000,31.6667,4494.3918,5359.1162,1.5570,655.0623,0.0067,0,0,Pre-2000
1993-12-01,31.0000,5139.7998,2103.4211,65206.0526,10811163.1155,1993,12,Dec,0.0000,10.7173,-11.4286,-10.6307,31.0000,31.3333,4748.9766,5308.1670,1.1547,645.5019,0.0060,0,0,Pre-2000
1994-01-01,31.0000,5584.0479,2109.7143,65401.1429,11780745.5246,1994,1,Jan,0.0000,8.6433,-11.4286,-6.1205,31.0000,31.0000,5122.0402,5277.8293,0.0000,620.7731,0.0056,0,1,Pre-2000
1994-02-01,31.0000,5830.1001,2122.6111,65800.9444,12375035.2462,1994,2,Feb,0.0000,4.4063,0.0000,-3.6467,31.0000,31.0000,5517.9826,5259.4418,0.0000,598.6721,0.0053,0,1,Pre-2000
1994-03-01,29.5000,5590.4346,2148.3455,63376.1910,12010184.7230,1994,3,Mar,-4.8387,-4.1108,-4.8387,-6.4349,30.5000,30.8750,5668.1942,5227.4019,0.4330,566.3142,0.0053,0,1,Pre-2000
1994-04-01,29.5000,5400.2632,2156.9286,63629.3929,11647981.9539,1994,4,Apr,0.0000,-3.4017,-4.8387,-9.8077,30.0000,30.7500,5606.9326,5178.4655,0.5839,517.9701,0.0055,0,1,Pre-2000
1994-05-01,31.4000,6082.8569,2160.7045,67846.1227,13143256.6258,1994,5,May,6.4407,12.6400,1.2903,5.2800,30.1333,30.7833,5691.1849,5203.8878,0.6103,556.1395,0.0052,1,1,Pre-2000
1994-06-01,33.6000,6287.0454,2166.3409,72789.0545,13619883.6693,1994,6,Jun,7.0064,3.3568,8.3871,13.3962,31.5000,31.0000,5923.3885,5265.7817,1.0189,633.4300,0.0053,1,1,Pre-2000
1994-07-01,33.1000,6230.5713,2166.7333,71718.8732,13499986.4686,1994,7,Jul,-1.4881,-0.8983,6.7742,23.3488,32.7000,31.1750,6200.1579,5364.0642,1.1856,686.3886,0.0053,1,1,Pre-2000
1994-08-01,33.1000,5856.1362,2163.6761,71617.6785,12670781.9363,1994,8,Aug,0.0000,-6.0096,6.7742,23.5348,33.2667,31.3500,6124.5843,5457.0359,1.3063,669.5976,0.0057,1,1,Pre-2000
1994-09-01,33.1000,6370.6816,2174.9114,71989.5662,13855667.9085,1994,9,Sep,0.0000,8.7864,6.7742,45.5808,33.1000,31.5250,6152.4631,5623.2556,1.3929,622.7965,0.0052,1,1,Pre-2000
1994-10-01,33.1000,6735.8569,2172.4211,71907.1368,14633117.4101,1994,10,Oct,0.0000,5.7321,6.7742,50.8639,33.1000,31.7000,6320.8916,5812.5056,1.4516,582.5366,0.0049,1,1,Pre-2000
1994-11-01,33.1000,7474.5454,2174.5659,71978.1315,16253891.6182,1994,11,Nov,0.0000,10.9665,6.7742,61.0105,33.1000,31.8750,6860.3613,6048.5283,1.4858,636.5596,0.0044,1,1,Pre-2000
1994-12-01,36.1000,8540.6504,2188.2262,78994.9655,18688874.8685,1994,12,Dec,9.0634,14.2631,16.4516,66.1670,34.1000,32.3000,7583.6842,6331.9325,1.8878,898.4006,0.0042,1,1,Pre-2000
1995-01-01,37.1000,9596.1904,2209.4148,81969.2881,21201964.8973,1995,1,Jan,2.7701,12.3590,19.6774,71.8501,35.4333,32.8083,8537.1287,6666.2777,2.2853,1266.0952,0.0039,1,1,Pre-2000
1995-02-01,37.6000,8431.2500,2217.6642,83384.1756,18697681.6707,1995,2,Feb,1.3477,-12.1396,21.2903,44.6159,36.9333,33.3583,8856.0303,6883.0402,2.5851,1330.9282,0.0045,1,1,Pre-2000
1995-03-01,38.3500,7522.3911,2225.0783,85331.7514,16737908.9519,1995,3,Mar,1.9947,-10.7796,30.0000,34.5583,37.6833,34.0958,8516.6105,7044.0366,2.6460,1276.0725,0.0051,1,1,Pre-2000
1995-04-01,37.1000,7405.0000,2229.0475,82697.6626,16506096.8101,1995,4,Apr,-3.2595,-1.5606,25.7627,37.1229,37.6833,34.7292,7786.2137,7211.0980,2.3375,1167.9571,0.0050,1,1,Pre-2000
1995-05-01,38.7700,7262.3809,2228.9065,86414.7060,16187168.0918,1995,5,May,4.5013,-1.9260,23.4713,19.3910,38.0733,35.3433,7396.5907,7309.3916,2.3514,1112.7004,0.0053,1,0,Pre-2000
1995-06-01,40.7700,7877.2729,2226.8977,90790.6203,17541881.2277,1995,6,Jun,5.1586,8.4668,21.3393,25.2937,38.8800,35.9408,7514.8846,7441.9106,2.7460,1073.8921,0.0052,1,1,Pre-2000
1995-07-01,41.0500,8618.0000,2229.5952,91524.8845,19214651.7619,1995,7,Jul,0.6868,9.4033,24.0181,38.3180,40.1967,36.6033,7919.2179,7640.8630,2.9498,1049.9586,0.0048,1,1,Pre-2000
1995-08-01,40.8800,8931.8184,2250.7337,92009.9935,20103144.5449,1995,8,Aug,-0.4141,3.6414,23.5045,52.5207,40.9000,37.2517,8475.6971,7897.1698,2.9647,944.8204,0.0046,1,1,Pre-2000
1995-09-01,40.9300,8397.2500,2271.1405,92957.7796,19071334.3441,1995,9,Sep,0.1223,-5.9850,23.6556,31.8109,40.9533,37.9042,8649.0228,8066.0505,2.8263,820.0448,0.0049,1,1,Pre-2000
1995-10-01,40.9700,8068.8638,2265.7955,92829.6398,18282394.8524,1995,10,Oct,0.0977,-3.9106,23.7764,19.7897,40.9267,38.5600,8465.9774,8177.1344,2.5050,705.8022,0.0051,1,0,Pre-2000
1995-11-01,39.5900,8498.0957,2281.5182,90325.3046,19388559.8197,1995,11,Nov,-3.3683,5.3196,19.6073,13.6938,40.4967,39.1008,8321.4032,8262.4303,1.8282,674.3216,0.0047,1,1,Pre-2000
1995-12-01,39.3500,8074.2104,2286.1000,89958.0350,18458452.5080,1995,12,Dec,-0.6062,-4.9880,9.0028,-5.4614,39.9700,39.3717,8213.7233,8223.5603,1.5651,670.2574,0.0049,0,0,Pre-2000
1996-01-01,39.3700,7870.7144,2289.5682,90140.2993,18020537.1565,1996,1,Jan,0.0508,-2.5203,6.1186,-17.9808,39.4367,39.5608,8147.6735,8079.7706,1.3933,516.4543,0.0050,0,0,Pre-2000
1996-02-01,39.2800,8198.5000,2300.2143,90352.4171,18858306.8214,1996,2,Feb,-0.2286,4.1646,4.4681,-2.7606,39.3333,39.7008,8047.8083,8060.3748,1.2560,506.3255,0.0048,0,1,Pre-2000
1996-03-01,39.0100,8046.3999,2330.2381,90902.5881,18750027.5820,1996,3,Mar,-0.6874,-1.8552,1.7210,6.9660,39.2200,39.7558,8038.5381,8104.0422,1.2049,477.4846,0.0048,0,0,Pre-2000
1996-04-01,39.3300,8047.0000,2329.3977,91615.2126,18744663.5114,1996,4,Apr,0.8203,0.0075,6.0108,8.6698,39.2067,39.9417,8097.3000,8157.5422,0.8884,425.1368,0.0049,0,0,Pre-2000
1996-05-01,38.2000,8042.8569,2329.4076,88983.3707,18735092.1368,1996,5,May,-2.8731,-0.0515,-1.4702,10.7468,38.8467,39.8942,8045.4189,8222.5819,0.9684,323.2268,0.0047,0,0,Pre-2000
1996-06-01,38.2000,7713.1577,2329.6188,88991.4363,17968716.8342,1996,6,Jun,0.0000,-4.0993,-6.3037,-2.0834,38.5767,39.6800,7934.3382,8208.9056,1.0387,342.0874,0.0050,0,0,Pre-2000
1996-07-01,38.4000,7202.6089,2331.1848,89517.4957,16790612.2318,1996,7,Jul,0.5236,-6.6192,-6.4555,-16.4237,38.2667,39.4592,7652.8745,8090.9563,1.0020,422.7176,0.0053,0,0,Pre-2000
1996-08-01,38.3500,7037.6191,2341.5227,89797.3966,16478745.1637,1996,8,Aug,-0.1302,-2.2907,-6.1888,-21.2073,38.3167,39.2483,7317.7952,7933.1064,0.9402,433.7011,0.0054,0,0,Pre-2000
1996-09-01,38.1000,7329.8096,2328.8333,88728.5500,17069904.8543,1996,9,Sep,-0.6519,4.1518,-6.9142,-12.7118,38.2833,39.0125,7190.0125,7844.1530,0.8283,439.2813,0.0052,0,0,Pre-2000
1996-10-01,37.6000,7028.6958,2323.5913,87367.0332,16331816.4735,1996,10,Oct,-1.3123,-4.1081,-8.2255,-12.8911,38.0167,38.7317,7132.0415,7757.4724,0.6581,490.5434,0.0053,0,0,Pre-2000
1996-11-01,35.7000,6960.7144,2336.8786,83426.5649,16266344.2029,1996,11,Nov,-5.0532,-0.9672,-9.8257,-18.0909,37.1333,38.4075,7106.4066,7629.3573,1.0426,480.1799,0.0051,0,0,Pre-2000
1996-12-01,35.3500,6571.0479,2354.6455,83236.7171,15472488.0138,1996,12,Dec,-0.9804,-5.5981,-10.1652,-18.6168,36.2167,38.0742,6853.4860,7504.0937,1.3171,545.2383,0.0054,0,0,Pre-2000
1997-01-01,35.2300,7069.1362,2369.3773,83473.1614,16749450.7380,1997,1,Jan,-0.3395,7.5800,-10.5156,-10.1843,35.4267,37.7292,6866.9661,7437.2955,1.4791,545.3411,0.0050,0,0,Pre-2000
1997-02-01,34.6000,7736.5791,2382.5470,82436.1265,18432763.4003,1997,2,Feb,-1.7882,9.4416,-11.9145,-5.6342,35.0600,37.3392,7125.5877,7398.8021,1.6411,501.2461,0.0045,0,1,Pre-2000
1997-03-01,34.5000,7893.2104,2399.5833,82785.6250,18940416.2404,1997,3,Mar,-0.2890,2.0246,-11.5611,-1.9038,34.7767,36.9633,7566.3086,7386.0363,1.7373,484.9391,0.0044,0,1,Pre-2000
1997-04-01,35.4000,7313.1362,2412.4807,85401.8168,17642800.0261,1997,4,Apr,2.6087,-7.3490,-9.9924,-9.1197,34.8333,36.6358,7647.6419,7324.8810,1.6169,438.0107,0.0048,0,0,Pre-2000
1997-05-01,35.7300,7476.0000,2435.3920,87016.5578,18206990.9318,1997,5,May,0.9322,2.2270,-6.4660,-7.0480,35.2100,36.4300,7560.7822,7277.6429,1.5557,380.3058,0.0048,0,1,Pre-2000
1997-06-01,34.5000,7060.0000,2429.3655,83813.1090,17151320.2784,1997,6,Jun,-3.4425,-5.5645,-9.6859,-8.4681,35.2100,36.1217,7283.0454,7223.2131,1.5396,358.4184,0.0049,0,0,Pre-2000
1997-07-01,35.0000,6832.7393,2501.7598,87561.5925,17093872.3094,1997,7,Jul,1.4493,-3.2190,-8.8542,-5.1352,35.0767,35.8383,7122.9131,7192.3907,1.3875,375.8320,0.0051,0,0,Pre-2000
1997-08-01,36.9300,6764.4502,2725.3452,100646.9996,18435462.1281,1997,8,Aug,5.5143,-0.9994,-3.7027,-3.8816,35.4767,35.7200,6885.7298,7169.6266,1.2020,393.8974,0.0055,1,0,Pre-2000
1997-09-01,37.1500,6498.2856,2998.8864,111408.6284,19487620.2064,1997,9,Sep,0.5957,-3.9348,-2.4934,-11.3444,36.3600,35.6408,6698.4917,7100.3329,1.0530,434.2315,0.0057,1,0,Pre-2000
1997-10-01,37.1500,6373.4780,3582.1304,133076.1457,22830629.6172,1997,10,Oct,0.0000,-1.9206,-1.1968,-9.3220,37.0767,35.6033,6545.4046,7045.7314,0.9826,482.5630,0.0058,1,0,Pre-2000
1997-11-01,33.6000,6137.2500,3460.1750,116261.8800,21235959.0188,1997,11,Nov,-9.5559,-3.7064,-5.8824,-11.8302,35.9667,35.4283,6336.3379,6977.1094,1.1384,549.6396,0.0055,0,0,Pre-2000
1997-12-01,31.4000,5942.3809,4905.0217,154017.6826,29147507.2974,1997,12,Dec,-6.5476,-3.1752,-11.1740,-9.5672,34.0500,35.0992,6151.0363,6924.7205,1.6287,617.6188,0.0053,0,0,Pre-2000
1998-01-01,31.4000,5489.0000,9745.2381,306000.4762,53491611.9048,1998,1,Jan,0.0000,-7.6296,-10.8714,-22.3526,32.1333,34.7800,5856.2103,6793.0425,1.9452,740.2918,0.0057,0,0,Pre-2000
1998-02-01,33.4400,5367.2500,9140.0000,305641.6000,49056665.0000,1998,2,Feb,6.4968,-2.2181,-3.3526,-30.6250,32.0800,34.6833,5599.5436,6595.5984,1.9834,780.6270,0.0062,0,0,Pre-2000
1998-03-01,31.8800,5397.0454,9717.7273,309801.1455,52447015.3744,1998,3,Mar,-4.6651,0.5551,-7.5942,-31.6242,32.2400,34.4650,5417.7651,6387.5846,2.1432,734.6402,0.0059,0,0,Pre-2000
1998-04-01,31.1800,5391.0000,8190.1905,255370.1390,44153316.8571,1998,4,Apr,-2.1957,-0.1120,-11.9209,-26.2833,32.1667,34.1133,5385.0985,6227.4066,2.3151,723.9607,0.0058,0,0,Pre-2000
1998-05-01,30.2800,5016.8423,10315.6250,312357.1250,51751863.6978,1998,5,May,-2.8865,-6.9404,-15.2533,-32.8940,31.1133,33.6592,5268.2959,6022.4768,2.4966,685.4220,0.0060,0,0,Pre-2000
1998-06-01,30.0000,4456.9048,13736.3636,412090.9091,61221664.8216,1998,6,Jun,-0.9247,-11.1612,-13.0435,-36.8710,30.4867,33.2842,4954.9157,5805.5522,2.6894,737.1766,0.0067,0,0,Pre-2000
1998-07-01,30.0000,4332.6191,14280.3043,428409.1304,61871119.9513,1998,7,Jul,0.0000,-2.7886,-14.2857,-36.5903,30.0933,32.8675,4602.1221,5597.2089,2.7850,772.9082,0.0069,0,0,Pre-2000
1998-08-01,26.2000,4078.0000,12332.2619,323105.2619,50290964.0476,1998,8,Aug,-12.6667,-5.8768,-29.0550,-39.7142,28.7333,31.9733,4289.1746,5373.3380,3.0700,792.8879,0.0064,0,0,Pre-2000
1998-09-01,27.0900,4100.9092,11174.4091,302714.7423,45825236.8185,1998,9,Sep,3.3969,0.5618,-27.0794,-36.8924,27.7633,31.1350,4170.5094,5173.5566,2.8966,785.6670,0.0066,0,0,Pre-2000
1998-10-01,27.1000,3870.4546,8743.1818,236940.2273,33840088.1980,1998,10,Oct,0.0369,-5.6196,-27.0525,-39.2725,26.7967,30.2975,4016.4546,4964.9714,2.4116,770.2520,0.0070,0,0,Pre-2000
1998-11-01,26.1000,4117.2500,7945.2381,207370.7143,32712531.5476,1998,11,Nov,-3.6900,6.3764,-22.3214,-32.9138,26.7633,29.6725,4029.5379,4796.6380,2.4495,709.0666,0.0063,0,0,Pre-2000
1998-12-01,26.1000,3865.7632,7670.2273,200192.9318,29651282.2007,1998,12,Dec,0.0000,-6.1081,-16.8790,-34.9459,26.4333,29.2308,3951.1559,4623.5865,2.5838,655.3951,0.0068,0,0,Pre-2000
1999-01-01,26.1000,4264.0000,8430.0000,220023.0000,35945520.0000,1999,1,Jan,0.0000,10.3016,-16.8790,-22.3174,26.1000,28.7892,4082.3377,4521.5032,2.6319,601.5344,0.0061,0,0,Pre-2000
1999-02-01,26.1000,4623.2500,8761.9000,228685.5900,40508454.1750,1999,2,Feb,0.0000,8.4252,-21.9498,-13.8618,26.1000,28.1775,4251.0044,4459.5032,2.2824,541.8165,0.0056,0,1,Pre-2000
1999-03-01,26.1000,5002.9545,8892.4148,232092.0259,44488346.9652,1999,3,Mar,0.0000,8.2129,-18.1305,-7.3020,26.1000,27.6958,4630.0682,4426.6623,2.0255,489.2135,0.0052,0,1,Pre-2000
1999-04-01,26.1000,5054.7500,8622.4750,225046.5975,43584455.5063,1999,4,Apr,0.0000,1.0353,-16.2925,-6.2372,26.1000,27.2725,4893.6515,4398.6415,1.7421,435.6555,0.0052,0,1,Pre-2000
1999-05-01,26.1000,5395.7895,7972.6190,208085.3571,43018573.9348,1999,5,May,0.0000,6.7469,-13.8045,7.5535,26.1000,26.9242,5151.1647,4430.2204,1.4850,494.3240,0.0048,0,1,Pre-2000
1999-06-01,26.1000,5194.7727,7348.0682,191784.5795,38171544.1890,1999,6,Jun,0.0000,-3.7254,-13.0000,16.5556,26.1000,26.5992,5215.1041,4491.7094,1.1366,541.5781,0.0050,0,1,Pre-2000
1999-07-01,26.1000,5696.3636,6760.5682,176450.8295,38510654.7521,1999,7,Jul,0.0000,9.6557,-13.0000,31.4762,26.1000,26.2742,5428.9753,4605.3548,0.3845,639.4084,0.0046,0,1,Pre-2000
1999-08-01,26.1000,6431.4286,7428.5227,193884.4432,47776013.3117,1999,8,Aug,0.0000,12.9041,-0.3817,57.7104,26.1000,26.2658,5774.1883,4801.4738,0.3873,802.9584,0.0041,0,1,Pre-2000
1999-09-01,26.1000,7029.0909,8278.4091,216066.4773,58189690.0826,1999,9,Sep,0.0000,9.2928,-3.6545,71.4032,26.1000,26.1833,6385.6277,5045.4890,0.2887,993.1186,0.0037,0,1,Pre-2000
1999-10-01,25.6000,7317.6190,7538.3333,192981.3333,55162651.5873,1999,10,Oct,-1.9157,4.1048,-5.5351,89.0636,25.9333,26.0583,6926.0462,5332.7527,0.1443,1113.5837,0.0035,0,1,Pre-2000
1999-11-01,25.1000,7946.8182,7005.8810,175847.6119,55674462.1320,1999,11,Nov,-1.9531,8.5984,-3.8314,93.0128,25.6000,25.9750,7431.1760,5651.8834,0.3108,1271.1668,0.0032,0,1,Pre-2000
1999-12-01,25.1000,8073.2353,7148.0952,179417.1905,57708254.7619,1999,12,Dec,0.0000,1.5908,-3.8314,108.8394,25.2667,25.8917,7779.2242,6002.5060,0.3965,1313.2887,0.0031,0,1,Pre-2000
2000-01-01,25.1000,8315.2500,7214.0000,181071.4000,59986213.5000,2000,1,Jan,0.0000,2.9977,-3.8314,95.0106,25.1000,25.8083,8111.7678,6340.1102,0.4502,1346.0603,0.0030,0,1,Post-dot-com crash
2000-02-01,25.1000,9583.7500,7407.1476,185919.4054,70988251.0388,2000,2,Feb,0.0000,15.2551,-3.8314,107.2947,25.1000,25.7250,8657.4118,6753.4852,0.4827,1521.1749,0.0026,0,1,Post-dot-com crash
2000-03-01,25.1000,10255.4000,7455.7826,187140.1435,76462032.9652,2000,3,Mar,0.0000,7.0082,-3.8314,104.9869,25.1000,25.6417,9384.8000,7191.1890,0.4981,1715.0070,0.0024,0,1,Post-dot-com crash
2000-04-01,25.1000,9746.5000,7794.9500,195653.2450,75973480.1750,2000,4,Apr,0.0000,-4.9623,-3.8314,92.8186,25.1000,25.5583,9861.8833,7582.1682,0.4981,1718.4720,0.0026,0,1,Post-dot-com crash
2000-05-01,25.6000,10122.9130,8339.5217,213491.7565,84420253.3894,2000,5,May,1.9920,3.8620,-1.9157,87.6076,25.2667,25.5167,10041.6043,7976.0951,0.4687,1713.5184,0.0025,1,1,Post-dot-com crash
2000-06-01,25.6000,8384.3182,8602.5227,220224.5818,72126287.7118,2000,6,Jun,0.0000,-17.1748,-1.9157,61.3991,25.4333,25.4750,9417.9104,8241.8906,0.4330,1473.4228,0.0031,1,1,Post-dot-com crash
2000-07-01,25.6000,8174.8095,9133.3571,233813.9429,74663454.9558,2000,7,Jul,0.0000,-2.4988,-1.9157,43.5093,25.6000,25.4333,8894.0136,8448.4277,0.3892,1239.2675,0.0031,1,0,Post-dot-com crash
2000-08-01,25.6000,8038.4348,8438.8913,216035.6174,67835477.3875,2000,8,Aug,0.0000,-1.6682,-1.9157,24.9868,25.6000,25.3917,8199.1875,8582.3449,0.3343,1077.8019,0.0032,1,0,Post-dot-com crash
2000-09-01,27.1500,8624.8095,8629.6250,234294.3188,74428871.8869,2000,9,Sep,6.0547,7.2946,4.0230,22.7016,26.1167,25.4792,8279.3513,8715.3215,0.5821,960.8348,0.0031,1,0,Post-dot-com crash
2000-10-01,27.1500,7650.6364,8929.0909,242424.8182,68313227.6033,2000,10,Oct,0.0000,-11.2950,6.0547,4.5509,26.6333,25.6083,8104.6269,8743.0729,0.7570,920.7694,0.0035,1,0,Post-dot-com crash
2000-11-01,27.1500,7350.5909,9341.8182,253630.3636,68667883.8017,2000,11,Nov,0.0000,-3.9218,8.1673,-7.5027,27.1500,25.7792,7875.3456,8693.3873,0.8566,981.7119,0.0037,1,0,Post-dot-com crash
2000-12-01,30.7500,7318.8000,9447.6500,290515.2375,69145460.8200,2000,12,Dec,13.2597,-0.4325,22.5100,-9.3449,28.3500,26.2500,7440.0091,8630.5177,1.6421,1047.0222,0.0042,1,0,Post-dot-com crash
2001-01-01,32.1000,6975.9091,9478.8864,304272.2523,66123849.5558,2001,1,Jan,4.3902,-4.6851,27.8884,-16.1070,30.0000,26.8333,7215.1000,8518.9060,2.3057,1150.0063,0.0046,1,0,Post-dot-com crash
2001-02-01,32.1000,6546.8000,9626.3750,309006.6375,63021951.8500,2001,2,Feb,0.0000,-6.1513,27.8884,-31.6885,31.6500,27.4167,6947.1697,8265.8268,2.6820,1226.0202,0.0049,1,0,Post-dot-com crash
2001-03-01,32.6000,6165.1818,10197.2955,332431.8318,62868180.5310,2001,3,Mar,1.5576,-5.8291,29.8805,-39.8836,32.2667,28.0417,6562.6303,7924.9753,2.9533,1190.6656,0.0053,1,0,Post-dot-com crash
2001-04-01,33.5000,6363.1111,11106.3750,372063.5625,70671098.1667,2001,4,Apr,2.7607,3.2104,33.4661,-34.7139,32.7333,28.7417,6358.3643,7643.0262,3.1795,1118.5240,0.0053,1,0,Post-dot-com crash
2001-05-01,33.8000,7086.4762,11272.9130,381024.4609,79885229.8799,2001,5,May,0.8955,11.3681,32.0312,-29.9957,33.3000,29.4250,6538.2564,7389.9898,3.3209,806.4307,0.0048,1,0,Post-dot-com crash
2001-06-01,33.9000,6674.3333,11305.8571,383268.5571,75459059.1905,2001,6,Jun,0.2959,-5.8159,32.4219,-20.3950,33.7333,30.1167,6707.9735,7247.4911,3.3162,764.7602,0.0051,1,0,Post-dot-com crash
2001-07-01,34.0000,5962.5455,10883.3182,370032.8182,64892279.3554,2001,7,Jul,0.2950,-10.6646,32.8125,-27.0620,33.9000,30.8167,6574.4517,7063.1357,3.1589,787.2139,0.0057,1,0,Post-dot-com crash
2001-08-01,33.8000,5525.6364,8967.8696,303113.9913,49553186.1739,2001,8,Aug,-0.5882,-7.3276,32.0312,-31.2598,33.9000,31.5000,6054.1717,6853.7358,2.7937,836.8382,0.0061,1,0,Post-dot-com crash
2001-09-01,32.8000,5057.6500,9287.6000,304633.2800,46973430.1400,2001,9,Sep,-2.9586,-8.4694,20.8103,-41.3593,33.5333,31.9708,5515.2773,6556.4726,2.4487,782.3110,0.0065,1,0,Post-dot-com crash
2001-10-01,32.4000,4830.7826,10079.3261,326570.1652,48691033.1682,2001,10,Oct,-1.2195,-4.4856,19.3370,-36.8578,33.0000,32.4083,5138.0230,6321.4847,1.9213,844.7859,0.0067,0,0,Post-dot-com crash
2001-11-01,29.4000,5131.3182,10566.1818,310645.7455,54218440.8760,2001,11,Nov,-9.2593,6.2213,8.2873,-30.1918,31.5333,32.5958,5006.5836,6136.5453,1.4007,841.9297,0.0057,0,0,Post-dot-com crash
2001-12-01,27.3500,5315.8235,10263.6944,280712.0431,54559988.4265,2001,12,Dec,-6.9728,3.5957,-11.0569,-27.3676,29.7167,32.3125,5092.6414,5969.6306,2.0165,782.7013,0.0051,0,0,Post-dot-com crash
2002-01-01,29.1000,6061.3636,10389.0227,302320.5614,62971644.5764,2002,1,Jan,6.3985,14.0249,-9.3458,-13.1101,28.6167,32.0625,5502.8351,5893.4185,2.2209,717.6320,0.0048,0,1,Post-dot-com crash
2002-02-01,29.8500,6039.9500,10223.2000,305162.5200,61747616.8400,2002,2,Feb,2.5773,-0.3533,-7.0093,-7.7420,28.7667,31.8750,5805.7124,5851.1810,2.3106,690.0665,0.0049,0,1,Post-dot-com crash
2002-03-01,29.5500,6543.2000,9907.4048,292763.8107,64826130.8381,2002,3,Mar,-1.0050,8.3320,-9.3558,6.1315,29.5000,31.6208,6214.8379,5882.6825,2.3900,713.9197,0.0045,0,1,Post-dot-com crash
2002-04-01,28.8400,6956.8095,9495.2955,273844.3209,66056961.8496,2002,4,Apr,-2.4027,6.3212,-13.9104,9.3303,29.4133,31.2325,6513.3198,5932.1574,2.4351,768.7096,0.0041,0,1,Post-dot-com crash
2002-05-01,28.6300,6771.1818,9113.9348,260931.9528,61712109.4921,2002,5,May,-0.7282,-2.6683,-15.2959,-4.4492,29.0067,30.8017,6757.0638,5905.8829,2.3965,730.0862,0.0042,0,1,Post-dot-com crash
2002-06-01,26.6500,7147.6111,8695.3250,231730.4113,62150801.5847,2002,6,Jun,-6.9158,5.5593,-21.3864,7.0910,28.0400,30.1975,6958.5342,5945.3227,2.4575,786.0136,0.0037,0,1,Post-dot-com crash
2002-07-01,24.9000,7137.6957,8975.8261,223498.0696,64066714.8355,2002,7,Jul,-6.5666,-0.1387,-26.7647,19.7089,26.7267,29.4392,7018.8295,6043.2519,2.5785,858.2417,0.0035,0,1,Post-dot-com crash
2002-08-01,24.0000,6736.8571,8928.5455,214285.0909,60150335.2208,2002,8,Aug,-3.6145,-5.6158,-28.9941,21.9200,25.1833,28.6225,7007.3880,6144.1869,2.6234,863.0430,0.0036,0,1,Post-dot-com crash
2002-09-01,24.4500,6664.9524,8958.4048,219032.9964,59707341.1474,2002,9,Sep,1.8750,-1.0673,-25.4573,31.7796,24.4500,27.9267,6846.5017,6278.1288,2.5199,801.6247,0.0037,0,1,Post-dot-com crash
2002-10-01,26.2500,6818.9130,9147.6957,240127.0109,62377341.2004,2002,10,Oct,7.3620,2.3100,-18.9815,41.1555,24.9000,27.4142,6740.2409,6443.8063,2.1213,669.9302,0.0038,0,1,Post-dot-com crash
2002-11-01,26.2500,7314.8095,9067.5238,238022.5000,66327209.5193,2002,11,Nov,0.0000,7.2724,-10.7143,42.5523,25.6500,27.1517,6932.8916,6625.7639,2.0468,570.1348,0.0036,0,1,Post-dot-com crash
2002-12-01,26.2500,7206.3333,8922.5263,234216.3158,64298698.8070,2002,12,Dec,0.0000,-1.4830,-4.0219,35.5638,26.2500,27.0600,7113.3520,6783.3064,2.0617,415.4813,0.0036,0,1,Post-dot-com crash
2003-01-01,26.6786,8032.8068,8891.0455,237200.3912,71420050.5480,2003,1,Jan,1.6327,11.4687,-8.3211,32.5247,26.3929,26.8582,7517.9832,6947.5934,1.9599,487.5765,0.0033,0,1,China boom
2003-02-01,26.9464,8607.9000,8897.2750,239749.7853,76586853.4725,2003,2,Feb,1.0040,7.1593,-9.7272,42.5161,26.6250,26.6163,7949.0134,7161.5892,1.7217,602.8953,0.0031,1,1,China boom
2003-03-01,26.1429,8339.6190,8924.1190,233301.9694,74423753.1927,2003,3,Mar,-2.9821,-3.1167,-11.5301,27.4547,26.5893,26.3323,8326.7753,7311.2908,1.4540,656.0718,0.0031,0,1,China boom
2003-04-01,25.1250,7930.5250,8798.9545,221073.7330,69780328.9966,2003,4,Apr,-3.8934,-4.9054,-12.8814,13.9966,26.0714,26.0227,8292.6813,7392.4337,1.2532,668.3437,0.0032,0,1,China boom
2003-05-01,24.9643,8347.7250,8460.6818,211214.8782,70627445.1307,2003,5,May,-0.6397,5.2607,-12.8038,23.2831,25.4107,25.7173,8205.9563,7523.8123,0.9760,689.7312,0.0030,0,1,China boom
2003-06-01,25.8214,8839.0238,8214.0000,212097.2143,72603741.5714,2003,6,Jun,3.4335,5.8854,-3.1091,23.6640,25.3036,25.6482,8372.4246,7664.7634,0.9323,773.5906,0.0029,1,1,China boom
2003-07-01,26.0893,8831.7000,8333.3913,217412.2267,73598011.9826,2003,7,Jul,1.0373,-0.0829,4.7762,23.7332,25.6250,25.7473,8672.8163,7805.9304,0.9085,821.7316,0.0030,1,1,China boom
2003-08-01,27.1339,9359.8750,8503.9048,230744.3444,79595485.5833,2003,8,Aug,4.0041,5.9804,13.0580,38.9353,26.3482,26.0085,9010.1996,8024.5152,0.8051,859.5001,0.0029,1,1,China boom
2003-09-01,28.6071,9995.7727,8451.6818,241778.4692,84481090.6178,2003,9,Sep,5.4294,6.7939,17.0026,49.9752,27.2768,26.3549,9395.7826,8302.0836,0.9541,916.4685,0.0029,1,1,China boom
2003-10-01,29.4643,11040.2826,8433.8261,248496.6615,93111823.4726,2003,10,Oct,2.9963,10.4495,12.2449,61.9068,28.4018,26.6228,10131.9768,8653.8644,1.3077,1089.2867,0.0027,1,1,China boom
2003-11-01,32.0491,12052.3750,8492.3000,272170.6326,102352384.2125,2003,11,Nov,8.7727,9.1673,22.0918,64.7668,30.0402,27.1060,11029.4768,9048.6615,2.0296,1379.6716,0.0027,1,1,China boom
2003-12-01,36.4286,14185.2095,8483.5238,309042.6531,120340562.7383,2003,12,Dec,13.6649,17.6964,38.7755,96.8436,32.6473,27.9542,12425.9557,9630.2345,3.3420,1903.8157,0.0026,1,1,China boom
2004-01-01,40.4464,15089.3333,8381.1905,338989.2219,126466576.8254,2004,1,Jan,11.0294,6.3737,51.6064,87.8463,36.3080,29.1016,13775.6393,10218.2784,4.8756,2392.6040,0.0027,1,1,China boom
2004-02-01,44.7321,15099.3500,8431.0000,377136.6964,127302619.8500,2004,2,Feb,10.5960,0.0664,66.0040,75.4127,40.5357,30.5837,14791.2976,10759.2326,6.5699,2708.4054,0.0030,1,1,China boom
2004-03-01,52.4330,13786.5435,8579.7391,449861.7682,118284946.5539,2004,3,Mar,17.2156,-8.6945,100.5635,65.3138,45.8705,32.7746,14658.4089,11213.1430,8.9182,2722.4275,0.0038,1,1,China boom
2004-04-01,57.0536,12725.9000,8613.5455,491433.5308,109615118.1000,2004,4,Apr,8.8123,-7.6933,127.0789,60.4673,51.4062,35.4353,13870.5978,11612.7575,10.9581,2542.8022,0.0045,1,1,China boom
2004-05-01,60.4688,11228.6053,9001.4762,544308.0134,101074022.9286,2004,5,May,5.9859,-11.7657,142.2210,34.5110,56.6518,38.3940,12580.3496,11852.8309,12.5512,2333.9352,0.0054,1,0,China boom
2004-06-01,63.8036,13599.3636,9383.7273,598715.3133,127612719.4463,2004,6,Jun,5.5150,21.1136,147.0954,53.8559,60.4420,41.5592,12517.9563,12249.5259,13.8177,2174.2026,0.0047,1,1,China boom
2004-07-01,65.7589,15020.0682,9030.9545,593865.8949,135645553.0196,2004,7,Jul,3.0647,10.4468,152.0534,70.0700,63.3438,44.8650,13282.6790,12765.2232,14.5083,2018.1399,0.0044,1,1,China boom
2004-08-01,63.4821,13639.6190,9240.6364,586615.3977,126038759.7576,2004,8,Aug,-3.4623,-9.1907,133.9585,45.7244,64.3482,47.8940,14086.3503,13121.8686,14.2622,1717.3869,0.0047,1,1,China boom
2004-09-01,59.3304,13430.3636,9174.1364,544304.7869,123211987.4132,2004,9,Sep,-6.5401,-1.5342,107.3970,34.3604,62.8571,50.4542,14030.0170,13408.0845,13.2035,1407.2298,0.0044,1,1,China boom
2004-10-01,60.6696,14378.4762,9095.3810,551813.5140,130777718.4671,2004,10,Oct,2.2573,7.0595,105.9091,30.2365,61.1607,53.0547,13816.1530,13686.2673,11.6786,1213.1777,0.0042,1,1,China boom
2004-11-01,56.5982,14089.5123,9023.5909,510719.1319,127137994.8577,2004,11,Nov,-6.7108,-2.0097,76.5984,16.9024,58.8661,55.1004,13966.1174,13856.0287,9.6360,1101.1141,0.0040,1,1,China boom
2004-12-01,55.9821,13764.9762,9222.8261,516313.5675,126951981.4959,2004,12,Dec,-1.0885,-2.3034,53.6765,-2.9625,57.7500,56.7299,14077.6549,13821.0093,7.6376,1096.3655,0.0041,0,0,China boom
2005-01-01,56.8339,14563.7500,9197.3810,522723.2921,133948356.8452,2005,1,Jan,1.5215,5.8029,40.5166,-3.4831,56.4714,58.0955,14139.4128,13777.2107,5.6740,1050.6357,0.0039,0,1,China boom
2005-02-01,53.4616,15415.6000,9229.8000,493439.9416,142282904.8800,2005,2,Feb,-5.9336,5.8491,19.5150,2.0945,55.4259,58.8230,14581.4421,13803.5648,4.1635,1090.0426,0.0035,0,1,China boom
2005-03-01,54.5625,16239.9048,9372.6957,511397.7065,152211684.7536,2005,3,Mar,2.0592,5.3472,4.0613,17.7953,54.9527,59.0004,15406.4183,14008.0116,3.9036,1296.9896,0.0034,0,1,China boom
2005-04-01,54.9107,16138.3333,9550.3333,524415.6250,154126462.7778,2005,4,Apr,0.6382,-0.6254,-3.7559,26.8149,54.3116,58.8219,15931.2794,14292.3810,4.0472,1362.7536,0.0034,0,1,China boom
2005-05-01,54.9777,17002.2500,9474.9091,520908.5065,161094773.0909,2005,5,May,0.1220,5.3532,-9.0808,51.4191,54.8170,58.3643,16460.1627,14773.5181,4.1531,1191.1348,0.0032,0,1,China boom
2005-06-01,54.6429,16113.1818,9627.5227,526075.3490,155130024.1632,2005,6,Jun,-0.6090,-5.2291,-14.3577,18.4848,54.8438,57.6009,16417.9217,14983.0030,3.8964,1186.9088,0.0034,0,1,China boom
2005-07-01,54.5357,14587.5952,9810.2857,535010.9388,143108477.1701,2005,7,Jul,-0.1961,-9.4679,-17.0672,-2.8793,54.7188,56.6656,15901.0090,14946.9635,3.0052,1192.2349,0.0037,0,0,China boom
2005-08-01,50.6907,14962.0000,9967.5217,505261.1202,149134060.2609,2005,8,Aug,-7.0504,2.5666,-20.1496,9.6951,53.2898,55.5997,15220.9257,15057.1620,2.6102,1119.2943,0.0034,0,0,China boom
2005-09-01,48.3214,14154.5455,10216.5909,493680.2679,144611200.4132,2005,9,Sep,-4.6741,-5.3967,-18.5553,5.3921,51.1826,54.6823,14568.0469,15117.5104,3.0733,1040.3477,0.0034,0,0,China boom
2005-10-01,44.5281,12431.1190,10080.7619,448876.7833,125315151.3288,2005,10,Oct,-7.8503,-12.1758,-26.6057,-13.5436,47.8467,53.3371,13849.2215,14955.2307,3.6859,1288.4123,0.0036,0,0,China boom
2005-11-01,40.6412,12235.0455,10041.3636,408093.4069,122856540.5165,2005,11,Nov,-8.7289,-1.5773,-28.1934,-13.1620,44.4969,52.0074,12940.2367,14800.6918,5.0342,1496.1593,0.0033,0,0,China boom
2005-12-01,41.6893,13490.4500,9846.2727,410484.0769,132830649.9136,2005,12,Dec,2.5788,10.2607,-25.5311,-1.9944,42.2862,50.8163,12718.8715,14777.8146,5.6602,1515.4107,0.0031,0,0,China boom
2006-01-01,45.6429,14660.8095,9475.5000,432488.8929,138918500.6429,2006,1,Jan,9.4834,8.6755,-19.6908,0.6664,42.6578,49.8837,13462.1017,14785.9029,5.4982,1514.4230,0.0031,0,0,China boom
2006-02-01,50.9196,14974.5000,9254.5000,471235.8348,138581510.2500,2006,2,Feb,11.5610,2.1397,-4.7547,-2.8614,46.0839,49.6719,14375.2532,14749.1446,5.3959,1503.0600,0.0034,1,1,China boom
2006-03-01,53.2127,14925.4783,9158.1304,487329.1489,136689476.7146,2006,3,Mar,4.5034,-0.3274,-2.4738,-8.0938,49.9251,49.5594,14853.5959,14639.6090,5.2978,1430.6971,0.0036,1,1,China boom
2006-04-01,56.4702,18028.8889,8929.4500,504248.1676,160988061.8889,2006,4,Apr,6.1217,20.7927,2.8401,11.7147,53.5342,49.6894,15976.2890,14797.1553,5.4577,1691.1273,0.0031,1,1,China boom
2006-05-01,56.7219,21131.3333,9019.6087,511609.6922,190596357.8841,2006,5,May,0.4457,17.2082,3.1727,24.2855,55.4683,49.8347,18028.5668,15141.2456,5.6318,2436.4210,0.0027,1,1,China boom
2006-06-01,54.9107,20585.9091,9366.1364,514301.2378,192810431.7149,2006,6,Jun,-3.1932,-2.5811,0.4902,27.7582,56.0343,49.8570,19915.3771,15513.9729,5.6531,2897.1806,0.0027,1,1,China boom
2006-07-01,56.9541,26185.7143,9129.2857,519950.0838,239056867.3469,2006,7,Jul,3.7213,27.2021,4.4345,79.5067,56.1956,50.0586,22634.3189,16480.4828,5.8739,4201.1731,0.0022,1,1,China boom
2006-08-01,55.6339,30468.8636,9092.6087,505857.5427,277041454.4466,2006,8,Aug,-2.3179,16.3568,9.7516,103.6416,55.8329,50.4705,25746.8290,17772.7214,6.0915,5779.8934,0.0018,1,1,China boom
2006-09-01,51.8878,29702.6190,9151.0952,474829.7886,271811495.7256,2006,9,Sep,-6.7336,-2.5148,7.3804,109.8451,54.8253,50.7677,28785.7323,19068.3942,6.0641,6582.1031,0.0017,1,1,China boom
2006-10-01,47.6907,32551.1364,9171.9545,437417.3615,298557543.1302,2006,10,Oct,-8.0886,9.5901,7.1027,161.8520,51.7375,51.0313,30907.5397,20745.0623,5.8325,7264.8670,0.0015,0,1,China boom
2006-11-01,48.2143,31891.5909,9137.7727,440571.1851,291418109.6384,2006,11,Nov,1.0978,-2.0262,18.6339,160.6577,49.2643,51.6624,31381.7821,22383.1078,4.9489,7386.6440,0.0015,0,1,China boom
2006-12-01,54.5103,34400.5263,9082.2857,495078.4672,312435408.7218,2006,12,Dec,13.0585,7.8671,30.7538,154.9991,50.1385,52.7308,32947.7512,24125.6141,3.8655,7562.4110,0.0016,1,1,China boom
2007-01-01,55.7630,36821.5909,9072.6957,505920.6098,334071087.7470,2007,1,Jan,2.2980,7.0379,22.1724,151.1566,52.8292,53.5741,34371.2360,25972.3459,3.2303,7744.6224,0.0015,1,1,China boom
2007-02-01,56.0063,41078.2500,9067.9500,507861.8747,372495517.0875,2007,2,Feb,0.4362,11.5602,9.9895,174.3213,55.4265,53.9980,37433.4557,28147.6584,3.1837,8035.2793,0.0014,1,1,China boom
2007-03-01,56.9245,46125.2273,9168.3636,521904.6349,422892856.4463,2007,3,Mar,1.6396,12.2863,6.9754,209.0368,56.2313,54.3073,41341.6894,30747.6375,3.2793,8407.0916,0.0012,1,1,China boom
2007-04-01,58.0517,49956.5789,9093.0000,527864.0329,454255172.3684,2007,4,Apr,1.9801,8.3064,2.8005,177.0918,56.9942,54.4391,45720.0187,33408.2783,3.4036,9044.0329,0.0012,1,1,China boom
2007-05-01,58.4566,51783.3333,8834.4783,516433.8504,457478732.6087,2007,5,May,0.6976,3.6567,3.0582,145.0547,57.8109,54.5837,49288.3799,35962.6117,3.5433,9574.4151,0.0011,1,1,China boom
2007-06-01,63.1505,41551.6667,8982.9048,567275.0188,373254664.3651,2007,6,Jun,8.0297,-19.7586,15.0058,101.8452,59.8863,55.2703,47763.8596,37709.7581,4.3247,8347.7160,0.0015,1,1,China boom
2007-07-01,72.7938,33400.2273,9067.4545,660054.7553,302855042.6033,2007,7,Jul,15.2704,-19.6176,27.8114,27.5513,64.8003,56.5903,42245.0758,38310.9676,6.6678,7674.9831,0.0022,1,0,China boom
2007-08-01,74.8344,27649.6364,9362.8261,700661.6184,258878736.6403,2007,8,Aug,2.8032,-17.2172,34.5122,-9.2528,70.2596,58.1903,34200.5101,38076.0320,8.4760,7974.1746,0.0027,1,0,China boom
2007-09-01,73.5536,29548.4000,9302.6500,684243.1313,274878423.2600,2007,9,Sep,-1.7116,6.8672,41.7552,-0.5192,73.7273,59.9958,30199.4212,38063.1804,9.2808,7989.0069,0.0025,1,0,China boom
2007-10-01,79.5093,31156.0000,9097.6957,723351.5655,283447805.7391,2007,10,Oct,8.0972,5.4406,66.7185,-4.2860,75.9658,62.6474,29451.3455,37946.9190,9.9657,8086.0759,0.0026,1,0,China boom
2007-11-01,93.1169,30505.6364,9270.2727,863218.9020,282795568.8099,2007,11,Nov,17.1144,-2.0874,93.1313,-4.3458,82.0599,66.3892,30403.3455,37831.4228,12.2271,8189.6635,0.0031,1,0,China boom
2007-12-01,98.9098,26053.5556,9352.6000,925063.5564,243668483.6889,2007,12,Dec,6.2211,-14.5943,81.4514,-24.2641,90.5120,70.0892,29238.3973,37135.8419,14.7609,8836.4822,0.0038,1,0,China boom
2008-01-01,98.4862,27774.7727,9405.9783,926359.0684,261248908.4733,2008,1,Jan,-0.4282,6.6065,76.6157,-24.5693,96.8376,73.6495,28111.3215,36381.9404,16.0843,9242.3336,0.0035,1,0,China boom
2008-02-01,141.8878,28064.9524,9190.2619,1303985.6305,257924262.7256,2008,2,Feb,44.0687,1.0448,153.3427,-31.6793,113.0946,80.8063,27297.7602,35297.4989,24.4509,9403.2530,0.0051,1,0,China boom
2008-03-01,137.7632,31093.0526,9169.3333,1263196.3158,285102563.9298,2008,3,Mar,-2.9069,10.7896,142.0103,-32.5899,126.0457,87.5428,28977.5926,34044.8177,28.1320,8812.3879,0.0044,1,0,China boom
2008-04-01,131.7370,28776.8182,9204.4318,1212564.3540,264874260.8988,2008,4,Apr,-4.3743,-7.4494,126.9305,-42.3963,137.1293,93.6833,29311.6077,32279.8376,29.1336,7332.5291,0.0046,1,0,China boom
2008-05-01,143.0759,25656.5000,9272.6364,1326690.7269,237903394.8636,2008,5,May,8.6072,-10.8432,144.7556,-50.4541,137.5254,100.7349,28508.7903,30102.6015,30.0582,4242.8954,0.0056,1,0,China boom
2008-06-01,166.9898,22562.5714,9285.9524,1550659.2930,209514963.8776,2008,6,Jun,16.7141,-12.0590,164.4314,-45.7000,147.2676,109.3881,25665.2965,28520.1769,33.0523,2919.3076,0.0074,1,0,GFC crisis
2008-07-01,195.1863,20106.9565,9158.5435,1787622.5392,184150435.5198,2008,7,Jul,16.8852,-10.8836,168.1358,-39.7999,168.4173,119.5875,22775.3427,27412.4043,39.0697,3384.2871,0.0097,1,0,GFC crisis
2008-08-01,173.3036,19111.8000,9148.4524,1585459.4707,174843392.2143,2008,8,Aug,-11.2112,-4.9493,131.5827,-30.8787,178.4932,127.7933,20593.7760,26700.9180,39.1564,4142.4256,0.0091,1,0,GFC crisis
2008-09-01,164.4984,17781.8636,9346.1136,1537420.5209,166191318.2118,2008,9,Sep,-5.0808,-6.9587,123.6443,-39.8212,177.6628,135.3720,19000.2067,25720.3733,36.4087,4754.5228,0.0093,1,0,GFC crisis
2008-10-01,119.3665,12144.8696,9950.4130,1187745.5768,120846468.5331,2008,10,Oct,-27.4361,-31.7008,50.1289,-61.0192,152.3895,138.6934,16346.1777,24136.1124,32.4523,5825.4148,0.0098,0,0,GFC crisis
2008-11-01,101.3823,10776.5000,11574.1250,1173411.6610,124728558.0625,2008,11,Nov,-15.0663,-11.2671,8.8764,-64.6737,128.4157,139.3822,13567.7444,22492.0177,31.4699,6597.2575,0.0094,0,0,GFC crisis
2008-12-01,82.6087,9846.9286,11260.2500,930194.3154,110878877.4464,2008,12,Dec,-18.5177,-8.6259,-16.4808,-62.2050,101.1192,138.0238,10922.7660,21141.4655,33.6519,7410.6048,0.0084,0,0,GFC crisis
2009-01-01,85.5617,11562.9524,11127.0000,952045.4219,128660971.1429,2009,1,Jan,3.5748,17.4270,-13.1231,-58.3689,89.8509,136.9468,10728.7937,19790.4804,35.2034,7567.4718,0.0074,0,0,GFC crisis
2009-02-01,80.8227,10410.7500,11808.0000,954354.1886,122930136.0000,2009,2,Feb,-5.5388,-9.9646,-43.0376,-62.9048,82.9977,131.8580,10606.8770,18319.2969,38.6674,7528.5687,0.0078,0,0,GFC crisis
2009-03-01,65.4521,9710.7273,11808.4091,772885.2953,114668240.2066,2009,3,Mar,-19.0176,-6.7240,-52.4894,-68.7688,77.2788,125.8321,10561.4766,16537.4365,43.0496,6717.0822,0.0067,0,0,GFC crisis
2009-04-01,66.2705,11331.6000,11012.0455,729774.1516,124784094.2727,2009,4,Apr,1.2504,16.6916,-49.6948,-60.6225,70.8484,120.3765,10484.3591,15083.6683,46.2616,5626.6257,0.0058,0,0,GFC crisis
2009-05-01,67.0150,12720.0789,10351.9048,693733.2868,131677045.8271,2009,5,May,1.1234,12.2532,-53.1612,-50.4216,66.2459,114.0381,11254.1354,14005.6332,48.0451,4553.7592,0.0053,0,0,GFC crisis
2009-06-01,75.8133,14944.3636,10170.2273,771038.6102,151987574.6281,2009,6,Jun,13.1288,17.4864,-54.6000,-33.7648,69.6996,106.4401,12998.6809,13370.7825,46.0791,3704.1445,0.0051,0,1,Post-GFC recovery
2009-07-01,77.6203,16017.3913,10088.2609,783054.2550,161587621.9282,2009,7,Jul,2.3835,7.1801,-60.2327,-20.3391,73.4829,96.6429,14560.6113,13029.9854,37.1226,3178.9412,0.0048,0,1,Post-GFC recovery
2009-08-01,77.8821,19375.9250,9958.5714,775594.8827,192956533.1071,2009,8,Aug,0.3373,20.9680,-55.0603,1.3820,77.1053,88.6911,16779.2266,13051.9959,28.4050,3225.4529,0.0040,0,1,Post-GFC recovery
2009-09-01,73.1494,17404.6364,9840.9091,719856.1098,171277444.2149,2009,9,Sep,-6.0769,-10.1739,-55.5319,-2.1214,76.2173,81.0787,17599.3176,13020.5603,15.5935,3176.6331,0.0042,0,1,Post-GFC recovery
2009-10-01,75.7037,18489.4773,9471.0000,716990.0625,175113839.2500,2009,10,Oct,3.4920,6.2331,-36.5787,52.2411,75.5784,77.4402,18423.3462,13549.2776,9.9032,3526.3772,0.0041,0,1,Post-GFC recovery
2009-11-01,82.2653,16911.3333,9439.2857,776525.7289,159630907.1429,2009,11,Nov,8.6674,-8.5354,-18.8564,56.9279,77.0395,75.8471,17601.8157,14060.5137,6.7312,3532.5431,0.0049,1,1,Post-GFC recovery
2009-12-01,86.3597,17121.6190,9446.3913,815787.4613,161737513.2878,2009,12,Dec,4.9771,1.2435,4.5407,73.8778,81.4429,76.1597,17507.4766,14666.7379,7.1479,3363.8917,0.0050,1,1,Post-GFC recovery
2010-01-01,100.1437,18405.5500,9270.0000,928332.5625,170619448.5000,2010,1,Jan,15.9612,7.4989,17.0427,59.1769,89.5896,77.3748,17479.5008,15236.9543,9.6819,3369.8788,0.0054,1,1,Post-GFC recovery
2010-02-01,98.1589,19060.5500,9326.2500,915454.7076,177763454.4375,2010,2,Feb,-1.9820,3.5587,21.4497,83.0853,94.8875,78.8195,18195.9063,15957.7710,11.3865,3162.4161,0.0051,1,1,Post-GFC recovery
2010-03-01,100.0994,22467.1739,9161.0870,917019.1142,205823733.8847,2010,3,Mar,1.9768,17.8726,52.9353,131.3645,99.4674,81.7068,19977.7580,17020.8082,12.0616,3012.0338,0.0045,1,1,Post-GFC recovery
2010-04-01,104.9625,26028.5000,9026.3182,947424.9222,234941522.7955,2010,4,Apr,4.8583,15.8512,58.3849,129.6984,101.0736,84.9311,22518.7413,18245.5499,12.7139,3445.2515,0.0040,1,1,Post-GFC recovery
2010-05-01,107.9352,21930.0000,9160.2381,988711.6763,200884021.4286,2010,5,May,2.8321,-15.7462,61.0611,72.4046,104.3323,88.3411,23475.2246,19013.0433,12.9571,3112.1919,0.0049,1,1,Post-GFC recovery
2010-06-01,104.4838,19411.2955,9130.6364,954003.2754,177237480.1426,2010,6,Jun,-3.1976,-11.4852,37.8172,29.8904,105.7938,90.7303,22456.5985,19385.2876,13.0798,2836.2072,0.0054,1,1,Post-GFC recovery
2010-07-01,102.8615,19548.5227,9034.5909,929311.8075,176612905.7180,2010,7,Jul,-1.5526,0.7069,32.5188,22.0456,105.0935,92.8338,20296.6061,19679.5486,12.8066,2630.7557,0.0053,1,0,Post-GFC recovery
2010-08-01,96.8469,21448.7857,8968.5455,868576.1725,192364409.6234,2010,8,Aug,-5.8473,9.7207,24.3506,10.6981,101.3974,94.4142,20136.2013,19852.2870,11.9342,2676.6598,0.0045,1,1,Post-GFC recovery
2010-09-01,100.1172,22690.1364,8975.5455,898606.5493,203656350.3017,2010,9,Sep,3.3767,5.7875,36.8668,30.3683,99.9419,96.6615,21229.1483,20292.7453,9.9380,2672.1448,0.0044,1,1,Post-GFC recovery
2010-10-01,103.2071,23793.6786,8924.5714,921079.5184,212348383.9592,2010,10,Oct,3.0863,4.8635,36.3303,28.6877,100.0571,98.9534,22644.2002,20734.7621,7.5497,2783.1334,0.0043,1,1,Post-GFC recovery
2010-11-01,112.5838,22836.2273,8939.3182,1006422.1085,204140301.6632,2010,11,Nov,9.0852,-4.0240,36.8545,35.0350,105.3027,101.4800,23106.6807,21228.5033,6.4503,2559.7644,0.0049,1,1,Post-GFC recovery
2010-12-01,123.7857,24099.5714,9019.2174,1116450.2671,217359273.7516,2010,12,Dec,9.9499,5.5322,43.3374,40.7552,113.1922,104.5988,23576.4924,21809.9993,7.4460,2323.6964,0.0051,1,1,Post-GFC recovery
2011-01-01,140.9936,25621.2250,9030.5238,1273245.8038,231373082.3917,2011,1,Jan,13.9013,6.3140,40.7912,39.2038,125.7877,108.0030,24185.6746,22411.3055,12.7048,2296.0747,0.0055,1,1,Post-GFC recovery
2011-02-01,134.6245,28412.1750,8913.5500,1199981.8936,253253342.4712,2011,2,Feb,-4.5173,10.8931,37.1495,49.0627,133.1346,111.0418,26044.3238,23190.6076,14.3860,2619.6232,0.0047,1,1,Post-GFC recovery
2011-03-01,135.9713,26710.3478,8756.7391,1190664.9695,233895547.9962,2011,3,Mar,1.0004,-5.9898,35.8363,18.8861,137.1964,114.0311,26914.5826,23544.2054,15.5827,2793.6864,0.0051,1,1,Post-GFC recovery
2011-04-01,131.5256,26332.1667,8645.7143,1137132.7177,227660389.5238,2011,4,Apr,-3.2696,-1.4159,25.3072,1.1667,134.0404,116.2447,27151.5632,23569.5110,16.0569,2819.4913,0.0050,1,1,Post-GFC recovery
2011-05-01,127.9629,24164.5500,8555.4091,1094774.5913,206737610.7477,2011,5,May,-2.7088,-8.2318,18.5553,10.1895,131.8199,117.9137,25735.6882,23755.7235,16.1552,2774.8025,0.0053,1,1,Post-GFC recovery
2011-06-01,128.3620,22420.9318,8559.2727,1098685.4770,191906870.2314,2011,6,Jun,0.3119,-7.2156,22.8535,15.5046,129.2835,119.9035,24305.8828,24006.5265,15.8177,2465.1683,0.0057,1,0,Post-GFC recovery
2011-07-01,128.9893,23847.9524,8526.5714,1099836.3582,203341269.4014,2011,7,Jul,0.4887,6.3647,25.4009,21.9936,128.4381,122.0808,23477.8114,24364.8123,15.0376,2032.8781,0.0054,1,0,Post-GFC recovery
2011-08-01,127.4620,21864.6818,8521.2609,1086137.0636,186314657.6028,2011,8,Aug,-1.1840,-8.3163,31.6118,1.9390,128.2711,124.6321,22711.1887,24399.4703,12.7975,1981.5411,0.0058,1,0,Post-GFC recovery
2011-09-01,130.5619,20377.5909,8717.5909,1138184.8023,177643501.2583,2011,9,Sep,2.4320,-6.8013,30.4090,-10.1919,129.0044,127.1691,22030.0750,24206.7582,10.2623,2256.2961,0.0064,1,0,Post-GFC recovery
2011-10-01,127.9128,19039.0476,8861.7619,1133532.3803,168719506.8934,2011,10,Oct,-2.0290,-6.5687,23.9379,-19.9827,128.6455,129.2279,20427.1068,23810.5390,6.9674,2707.7383,0.0067,0,0,Post-GFC recovery
2011-11-01,122.7453,17873.0000,8994.0455,1103976.7374,160750574.4091,2011,11,Nov,-4.0398,-6.1245,9.0257,-21.7340,127.0733,130.0747,19096.5462,23396.9367,5.1379,3203.7279,0.0069,0,0,Post-GFC recovery
2011-12-01,118.1764,18246.0375,9047.7273,1069228.0958,165085171.1080,2011,12,Dec,-3.7222,2.0872,-4.5314,-24.2890,122.9448,129.6073,18386.0284,22909.1422,5.9526,3517.2993,0.0065,0,0,Post-GFC recovery
2012-01-01,123.0857,19908.6190,9043.6364,1113142.4416,180046311.1688,2012,1,Jan,4.1542,9.1120,-12.7012,-22.2964,121.3358,128.1150,18675.8855,22433.0917,5.0085,3503.4217,0.0062,0,0,Post-GFC recovery
2012-02-01,124.9668,20393.6667,8989.7619,1123422.1082,183334207.6984,2012,2,Feb,1.5283,2.4364,-7.1738,-28.2221,122.0763,127.3102,19516.1077,21764.8827,4.6289,2985.8055,0.0061,0,0,Post-GFC recovery
2012-03-01,114.1510,18660.8068,9134.5000,1042712.0722,170457139.8807,2012,3,Mar,-8.6550,-8.4970,-16.0477,-30.1364,120.7345,125.4918,19654.3642,21094.0876,5.1713,2660.2024,0.0061,0,0,Post-GFC recovery
2012-04-01,110.3538,17892.8158,9158.2381,1010646.0033,163866667.1942,2012,4,Apr,-3.3265,-4.1155,-16.0971,-32.0496,116.4905,123.7275,18982.4298,20390.8084,6.3930,2230.3464,0.0062,0,0,Post-GFC recovery
2012-05-01,103.8195,16968.3182,9245.5652,959869.7780,156881692.3794,2012,5,May,-5.9212,-5.1669,-18.8675,-29.7801,109.4414,121.7155,17840.6469,19791.1224,8.4174,2086.2260,0.0061,0,0,Post-GFC recovery
2012-06-01,92.7547,16603.6842,9397.6190,871673.3284,156035098.9975,2012,6,Jun,-10.6577,-2.1489,-27.7398,-25.9456,102.3093,118.7483,17154.9394,19306.3517,11.5534,2095.4401,0.0056,0,0,Post-GFC recovery
2012-07-01,91.3641,16128.4091,9427.7727,861360.1906,152054975.3616,2012,7,Jul,-1.4992,-2.8625,-29.1692,-32.3698,95.9794,115.6128,16566.8038,18663.0565,13.4682,1726.9732,0.0057,0,0,Post-GFC recovery
2012-08-01,93.4563,15703.9886,9486.6522,886587.7072,148978277.9363,2012,8,Aug,2.2900,-2.6315,-26.6791,-28.1765,92.5251,112.7790,16145.3606,18149.6654,14.3002,1599.7054,0.0060,0,0,Post-GFC recovery
2012-09-01,93.1816,17287.9625,9546.5000,889558.2126,165039534.0063,2012,9,Sep,-0.2940,10.0864,-28.6303,-15.1619,92.6674,109.6640,16373.4534,17892.1963,14.1449,1450.1733,0.0054,0,0,Post-GFC recovery
2012-10-01,86.8854,17168.7391,9588.7391,833121.4706,164626560.7202,2012,10,Oct,-6.7569,-0.6896,-32.0745,-9.8235,91.1744,106.2451,16720.2301,17736.3373,14.2906,1415.8083,0.0051,0,0,Post-GFC recovery
2012-11-01,87.2196,16335.3636,9612.6818,838414.6751,157026653.0207,2012,11,Nov,0.3847,-4.8540,-28.9426,-8.6031,89.0956,103.2846,16930.6884,17608.2009,14.2413,1470.8275,0.0053,0,0,Post-GFC recovery
2012-12-01,96.0761,17448.5000,9629.2857,925144.4851,168016591.7857,2012,12,Dec,10.1542,6.8143,-18.7011,-4.3710,90.0604,101.4429,16984.2009,17541.7395,13.5528,1457.3429,0.0055,0,0,Post-GFC recovery
2013-01-01,96.9521,17494.0682,9644.6522,935069.3822,168724202.7204,2013,1,Jan,0.9118,0.2612,-21.2320,-12.1282,93.4160,99.2651,17092.6439,17340.5269,11.7369,1253.2376,0.0055,0,1,Post-GFC recovery
2013-02-01,100.3473,17690.1000,9677.3500,971096.1510,171193289.2350,2013,2,Feb,3.5019,1.1206,-19.7008,-13.2569,97.7919,97.2135,17544.2227,17115.2297,8.5567,823.9639,0.0057,1,1,Post-GFC recovery
2013-03-01,97.3168,16731.7000,9706.0952,944565.9904,162399473.6952,2013,3,Mar,-3.0200,-5.4177,-14.7473,-10.3377,98.2054,95.8106,17305.2894,16954.4708,6.7075,668.5294,0.0058,1,0,Post-GFC recovery
2013-04-01,93.2332,15629.3095,9720.4545,906268.7256,151923992.8030,2013,4,Apr,-4.1962,-6.5886,-15.5143,-12.6504,96.9658,94.3839,16683.7032,16765.8453,4.9139,698.3651,0.0060,0,0,Post-GFC recovery
2013-05-01,93.1260,14948.2262,9755.3333,908475.3711,145824929.2302,2013,5,May,-0.1149,-4.3577,-10.3001,-11.9051,94.5587,93.4928,15769.7452,16597.5043,3.9154,867.9931,0.0062,0,0,Post-GFC recovery
2013-06-01,89.6427,14280.2750,9877.8000,885472.4504,141057700.3950,2013,6,Jun,-3.7405,-4.4684,-3.3551,-13.9933,92.0006,93.2334,14952.6036,16403.8868,4.0688,1095.7435,0.0063,0,0,Post-GFC recovery
2013-07-01,82.2224,13750.3152,10073.3913,828258.0087,138512305.7429,2013,7,Jul,-8.2777,-3.7111,-10.0059,-14.7448,88.3304,92.4716,14326.2721,16205.7123,5.1601,1338.2984,0.0060,0,0,Post-GFC recovery
2013-08-01,82.2214,14308.2619,10520.7727,865032.9633,150533971.6223,2013,8,Aug,-0.0011,4.0577,-12.0216,-8.8877,84.6955,91.5354,14112.9507,16089.4018,5.9274,1442.4639,0.0057,0,0,Post-GFC recovery
2013-09-01,83.2959,13801.3929,11346.2381,945095.3222,156593889.4031,2013,9,Sep,1.3068,-3.5425,-10.6091,-20.1676,82.5799,90.7116,13953.3233,15798.8543,6.3497,1527.7180,0.0060,0,0,Post-GFC recovery
2013-10-01,85.4436,14117.6522,11376.3043,972032.7797,160606707.8072,2013,10,Oct,2.5784,2.2915,-1.6594,-17.7712,83.6537,90.5914,14075.7690,15544.5971,6.4416,1532.8892,0.0061,0,0,Post-GFC recovery
2013-11-01,88.3633,13684.0119,11602.4286,1025228.4741,158767770.6956,2013,11,Nov,3.4170,-3.0716,1.3112,-16.2307,85.7009,90.6867,13867.6856,15323.6511,6.3955,1598.2349,0.0065,0,0,Post-GFC recovery
2013-12-01,89.4445,13924.5500,12098.7273,1082164.1794,168469332.8455,2013,12,Dec,1.2236,1.7578,-6.9025,-20.1963,87.7505,90.1341,13908.7380,15029.9886,6.1700,1492.5740,0.0064,0,0,Post-GFC recovery
2014-01-01,87.9735,14101.2500,12176.3043,1071192.5849,171701111.6848,2014,1,Jan,-1.6445,1.2690,-9.2608,-19.3941,88.5938,89.3859,13903.2706,14747.2537,5.8015,1291.1288,0.0062,0,0,Post-GFC recovery
2014-02-01,83.0277,14203.5500,11935.1000,990943.6465,169520789.6050,2014,2,Feb,-5.6220,0.7255,-17.2597,-19.7090,86.8152,87.9426,14076.4500,14456.7079,4.9129,902.4923,0.0058,0,0,Post-GFC recovery
2014-03-01,79.7531,15678.0952,11425.9524,911254.6798,179137169.6145,2014,3,Mar,-3.9440,10.3815,-18.0480,-6.2971,83.5848,86.4789,14660.9651,14368.9075,4.4618,686.4340,0.0051,0,1,Post-GFC recovery
2014-04-01,78.5207,17373.6000,11429.1818,897427.5201,198566033.2364,2014,4,Apr,-1.5452,10.8145,-15.7803,11.1604,80.4338,85.2529,15751.7484,14514.2650,4.4585,1060.4084,0.0045,0,1,Post-GFC recovery
2014-05-01,78.8346,19401.0750,11533.2727,909221.4364,223757889.1773,2014,5,May,0.3998,11.6699,-15.3463,29.7885,79.0361,84.0619,17484.2567,14885.3358,4.0548,1768.6511,0.0041,0,1,Post-GFC recovery
2014-06-01,77.3485,18628.8095,11892.6190,919875.8803,221545334.9773,2014,6,Jun,-1.8852,-3.9805,-13.7147,30.4513,78.2346,83.0374,18467.8282,15247.7137,4.0696,2055.6149,0.0042,0,1,Post-GFC recovery
2014-07-01,74.0380,19117.6522,11669.9130,864017.5293,223101338.4650,2014,7,Jul,-4.2799,2.6241,-9.9539,39.0343,76.7404,82.3554,19049.1789,15694.9917,4.8329,2272.6558,0.0039,0,1,Post-GFC recovery
2014-08-01,74.2484,18600.2000,11706.6667,869201.1857,217746341.3333,2014,8,Aug,0.2841,-2.7067,-9.6970,29.9962,75.2116,81.6910,18782.2206,16052.6532,5.3711,2370.2083,0.0040,0,1,Post-GFC recovery
2014-09-01,71.5256,18034.7955,11890.7727,850495.2406,214447653.9329,2014,9,Sep,-3.6671,-3.0398,-14.1307,30.6737,73.2707,80.7101,18584.2159,16405.4368,6.0794,2319.1692,0.0040,0,1,Post-GFC recovery
2014-10-01,68.9846,15812.3696,12144.8696,837809.3009,192039165.8866,2014,10,Oct,-3.5526,-12.3230,-19.2630,12.0042,71.5862,79.3385,17482.4550,16546.6632,6.7356,2216.5172,0.0044,0,0,Post-GFC recovery
2014-11-01,67.3307,15807.0500,12158.3000,818627.0235,192186856.0150,2014,11,Nov,-2.3975,-0.0336,-23.8024,15.5147,69.2803,77.5858,16551.4050,16723.5831,6.9080,2045.3735,0.0043,0,0,Post-GFC recovery
2014-12-01,67.1622,15962.0476,12433.1739,835039.8712,198458914.0559,2014,12,Dec,-0.2502,0.9806,-24.9118,14.6324,67.8259,75.7290,15860.4891,16893.3745,6.4072,1868.8470,0.0042,0,0,Post-GFC recovery
2015-01-01,64.7163,14849.1905,12572.7727,813663.6652,186695497.0411,2015,1,Jan,-3.6418,-6.9719,-26.4366,5.3041,66.4031,73.7909,15539.4294,16955.7029,5.8609,1777.5006,0.0044,0,0,Post-GFC recovery
2015-02-01,70.6591,14573.8375,12752.5500,901083.7968,185853591.4106,2015,2,Feb,9.1828,-1.8543,-14.8969,2.6070,67.5126,72.7602,15128.3585,16986.5602,5.1310,1727.9021,0.0048,0,0,Post-GFC recovery
2015-03-01,68.3450,13755.5000,13066.8182,893051.2644,179740617.5000,2015,3,Mar,-3.2751,-5.6151,-14.3043,-12.2629,67.9068,71.8095,14392.8427,16826.3439,4.7611,1936.7672,0.0050,0,0,Post-GFC recovery
2015-04-01,61.1979,12830.9250,12950.1364,792520.5952,166162228.4216,2015,4,Apr,-10.4574,-6.7215,-22.0615,-26.1470,66.7340,70.3659,13720.0875,16447.7877,5.1514,2240.2509,0.0048,0,0,Post-GFC recovery
2015-05-01,65.6712,13511.3421,13133.0952,862466.6572,177445742.6629,2015,5,May,7.3097,5.3029,-16.6975,-30.3578,65.0714,69.2690,13365.9224,15956.9766,4.5506,2178.7408,0.0049,0,0,Post-GFC recovery
2015-06-01,63.1047,12825.2273,13309.4545,839889.2400,170696779.4215,2015,6,Jun,-3.9082,-5.0781,-18.4151,-31.1538,63.3246,68.0820,13055.8315,15473.3448,4.0854,2175.8675,0.0049,0,0,Post-GFC recovery
2015-07-01,64.4832,11413.0978,13366.8261,861936.1184,152556893.7547,2015,7,Jul,2.1845,-11.0106,-12.9053,-40.3007,64.4197,67.2858,12583.2224,14831.2986,3.7352,2139.1660,0.0056,0,0,Post-GFC recovery
2015-08-01,63.3932,10386.0000,13780.8571,873612.8299,143127982.2857,2015,8,Aug,-1.6904,-8.9993,-14.6201,-44.1619,63.6604,66.3812,11541.4417,14146.7819,3.1669,2137.7483,0.0061,0,0,Post-GFC recovery
2015-09-01,61.7654,9937.5455,14406.4091,889817.9381,143164345.1777,2015,9,Sep,-2.5678,-4.3179,-13.6458,-44.8979,63.2140,65.5678,10578.8811,13472.0111,2.9729,2075.9856,0.0062,0,0,Post-GFC recovery
2015-10-01,57.3307,10316.8295,13785.0000,790303.4489,142217495.2841,2015,10,Oct,-7.1800,3.8167,-16.8935,-34.7547,60.8298,64.5966,10213.4583,13014.0494,3.5939,2118.4906,0.0056,0,0,Post-GFC recovery
2015-11-01,55.7781,9244.3333,13672.5714,762629.5262,126393807.8095,2015,11,Nov,-2.7082,-10.3956,-17.1581,-41.5177,58.2914,63.6339,9832.9028,12467.1563,4.2773,2178.1733,0.0060,0,0,Post-GFC recovery
2015-12-01,55.8658,8707.7857,13836.2174,772971.5794,120482816.1398,2015,12,Dec,0.1573,-5.8041,-16.8196,-45.4469,56.3249,62.6926,9422.9829,11862.6345,4.6565,2126.0735,0.0064,0,0,Post-GFC recovery
2016-01-01,53.4289,8507.2875,13884.5714,741837.7751,118120040.9571,2016,1,Jan,-4.3620,-2.3025,-17.4413,-42.7087,55.0243,61.7519,8819.8022,11334.1426,5.3053,2104.3087,0.0063,0,0,Stable period
2016-02-01,53.7816,8298.5000,13522.2381,727248.0419,112214292.8333,2016,2,Feb,0.6601,-2.4542,-23.8858,-43.0589,54.3588,60.3455,8504.5244,10811.1978,4.9549,2003.3407,0.0065,0,0,Stable period
2016-03-01,55.4352,8717.2500,13192.7826,731344.5963,115004784.1957,2016,3,Mar,3.0746,5.0461,-18.8891,-36.6272,54.2153,59.2697,8507.6792,10391.3436,4.4343,1852.4550,0.0064,0,0,Stable period
2016-04-01,54.6587,8878.8571,13179.8571,720393.5079,117022068.7347,2016,4,Apr,-1.4008,1.8539,-10.6853,-30.8011,54.6252,58.7247,8631.5357,10062.0047,4.5754,1726.3196,0.0062,0,0,Stable period
2016-05-01,54.5271,8660.3500,13403.8636,730874.3873,116082150.4432,2016,5,May,-0.2406,-2.4610,-16.9695,-35.9031,54.8737,57.7961,8752.1524,9657.7553,4.1483,1377.9982,0.0063,0,0,Stable period
2016-06-01,56.2286,8928.3523,13355.0455,750935.1273,119238550.4365,2016,6,Jun,3.1203,3.0946,-10.8964,-30.3845,55.1381,57.2230,8822.5198,9333.0157,3.8094,959.2303,0.0063,0,0,Stable period
2016-07-01,64.4184,10262.8571,13128.9524,845745.6774,134740562.7211,2016,7,Jul,14.5652,14.9468,-0.1006,-10.0783,58.3914,57.2176,9283.8531,9237.1623,3.7982,771.5957,0.0063,1,1,Stable period
2016-08-01,71.3269,10335.9886,13161.8696,938795.9867,136040934.2594,2016,8,Aug,10.7246,0.7126,12.5151,-0.4815,63.9913,57.8788,9842.3994,9232.9947,5.3460,764.9326,0.0069,1,1,Stable period
2016-09-01,76.3739,10191.7841,13116.9091,1001789.0262,133684705.3946,2016,9,Sep,7.0757,-1.3952,23.6515,2.5584,70.7064,59.0962,10263.5433,9254.1813,7.5291,789.3519,0.0075,1,1,Stable period
2016-10-01,96.2398,10259.7381,13017.2381,1252776.3377,133553453.5805,2016,10,Oct,26.0114,0.6668,67.8679,-0.5534,81.3135,62.3386,10262.5036,9249.4237,13.0521,782.5071,0.0094,1,1,Stable period
2016-11-01,111.4281,11128.9091,13310.5000,1483163.5176,148131344.4545,2016,11,Nov,15.7817,8.4717,99.7705,20.3863,94.6806,66.9761,10526.8104,9406.4716,19.0277,952.1250,0.0100,1,1,Stable period
2016-12-01,93.1345,10972.2750,13417.5909,1249640.1413,147221497.2920,2016,12,Dec,-16.4174,-1.4075,66.7110,26.0053,100.2674,70.0818,10786.9741,9595.1791,20.0628,1022.8398,0.0085,1,1,Stable period
2017-01-01,91.4245,9971.4643,13362.2273,1221634.8109,133240972.0276,2017,1,Jan,-1.8360,-9.1213,71.1142,17.2109,98.6623,73.2481,10690.8828,9717.1938,20.1935,967.0784,0.0092,1,1,Stable period
2017-02-01,85.9693,10643.3000,13340.3000,1146856.0622,141984814.9900,2017,2,Feb,-5.9669,6.7376,59.8488,28.2557,90.1761,75.9304,10529.0131,9912.5938,19.4985,888.0240,0.0081,1,1,Stable period
2017-03-01,86.3339,10204.6630,13344.1304,1152050.1678,136172354.6952,2017,3,Mar,0.4241,-4.1212,55.7383,17.0629,87.9092,78.5053,10273.1424,10036.5449,18.5637,806.0309,0.0085,1,1,Stable period
2017-04-01,90.1107,9609.2778,13304.9500,1198918.5480,127850960.3694,2017,4,Apr,4.3747,-5.8344,64.8608,8.2265,87.4713,81.4596,10152.4136,10097.4133,17.1941,735.1191,0.0094,1,0,Stable period
2017-05-01,80.1184,9155.1190,13324.5652,1067542.4108,121987980.8230,2017,5,May,-11.0890,-4.7263,46.9330,5.7130,85.5210,83.5922,9656.3533,10138.6440,14.9966,656.9052,0.0088,0,0,Stable period
2017-06-01,85.6734,8931.7614,13304.0000,1139798.6026,118828153.1818,2017,6,Jun,6.9335,-2.4397,52.3663,0.0382,85.3008,86.0460,9232.0527,10138.9281,12.2741,656.3347,0.0096,0,0,Stable period
2017-07-01,90.7740,9491.3929,13342.0952,1211115.0809,126635067.4422,2017,7,Jul,5.9535,6.2656,40.9132,-7.5171,85.5219,88.2423,9192.7578,10074.6394,10.2421,680.4326,0.0096,1,0,Stable period
2017-08-01,102.7724,10889.9773,13343.2174,1371314.5097,145307334.1364,2017,8,Aug,13.2179,14.7353,44.0864,5.3598,93.0733,90.8627,9771.0438,10120.8052,9.5179,717.5572,0.0094,1,1,Stable period
2017-09-01,104.7750,11215.7857,13304.1429,1393941.5679,149216415.3980,2017,9,Sep,1.9486,2.9918,37.1870,10.0473,99.4405,93.2295,10532.3853,10206.1386,9.1099,784.5285,0.0093,1,1,Stable period
2017-10-01,103.2497,11335.7727,13526.0000,1396555.1084,153327661.9091,2017,10,Oct,-1.4558,1.0698,7.2838,10.4879,103.5990,93.8136,11147.1786,10295.8082,9.5353,849.9758,0.0091,1,1,Stable period
2017-11-01,102.4870,11972.0000,13527.3636,1386379.0927,161949597.4545,2017,11,Nov,-0.7387,5.6126,-8.0241,7.5757,103.5039,93.0686,11507.8528,10366.0658,8.3036,953.6235,0.0086,1,1,Stable period
2017-12-01,105.9688,11495.1053,13554.7619,1436381.8126,155813414.9123,2017,12,Dec,3.3973,-3.9834,13.7804,4.7650,103.9018,94.1381,11600.9593,10409.6349,9.1011,994.8886,0.0092,1,1,Stable period
2018-01-01,111.9326,12864.8750,13387.6522,1498515.1156,172230471.7609,2018,1,Jan,5.6279,11.9161,22.4318,29.0169,106.7961,95.8471,12110.6601,10650.7525,10.3808,1207.0397,0.0087,1,1,Stable period
2018-02-01,111.4773,13595.8750,13589.0500,1514870.8948,184755025.1687,2018,2,Feb,-0.4068,5.6821,29.6711,27.7412,109.7929,97.9728,12651.9518,10896.8004,10.7782,1476.2856,0.0082,1,1,Stable period
2018-03-01,105.7281,13392.5000,13758.1818,1454625.8896,184256450.0000,2018,3,Mar,-5.1573,-1.4959,22.4642,31.2390,109.7127,99.5889,13284.4167,11162.4535,10.3186,1620.2192,0.0079,1,1,Stable period
2018-04-01,99.2234,13938.1000,13802.9524,1369575.7667,192386930.5810,2018,4,Apr,-6.1523,4.0739,10.1128,45.0484,105.4763,100.3483,13642.1583,11523.1887,9.8838,1721.6935,0.0071,0,1,Stable period
2018-05-01,109.3750,14366.4881,14052.6087,1537004.0761,201886635.5331,2018,5,May,10.2311,3.0735,36.5168,56.9230,104.7755,102.7864,13899.0294,11957.4694,7.8363,1727.3183,0.0076,1,1,Stable period
2018-06-01,121.5245,15105.6548,13993.7619,1700584.7758,211384936.1536,2018,6,Jun,11.1081,5.1451,41.8463,69.1229,110.0410,105.7740,14470.0810,12471.9606,7.5476,1662.4096,0.0080,1,1,Stable period
2018-07-01,125.0859,13793.8636,14414.5000,1803050.3686,198831647.3864,2018,7,Jul,2.9306,-8.6841,37.7993,45.3302,118.6618,108.6333,14422.0022,12830.4998,7.8421,1405.2079,0.0091,1,1,Stable period
2018-08-01,123.7349,13411.3523,14562.7826,1801924.4876,195306607.6364,2018,8,Aug,-1.0800,-2.7731,20.3970,23.1532,123.4484,110.3802,14103.6236,13040.6144,8.7051,1270.7437,0.0092,1,1,Stable period
2018-09-01,122.2291,12510.3500,14867.0500,1817186.2473,185991998.9675,2018,9,Sep,-1.2170,-6.7182,16.6587,11.5423,123.6833,111.8347,13238.5220,13148.4947,9.1312,1151.0552,0.0098,1,0,Stable period
2018-10-01,114.7621,12314.9130,15178.8696,1741959.1261,186926458.7940,2018,10,Oct,-6.1090,-1.5622,11.1501,8.6376,120.2420,112.7941,12745.5384,13230.0898,8.7437,1040.2453,0.0093,1,0,Stable period
2018-11-01,107.5529,11239.7159,14691.8182,1580147.9761,165131862.5517,2018,11,Nov,-6.2819,-8.7309,4.9430,-6.1166,114.8480,113.2162,12021.6597,13169.0661,8.3125,1137.6741,0.0096,0,0,Stable period
2018-12-01,106.1436,10835.0789,14495.3333,1538586.9940,157058081.0351,2018,12,Dec,-1.3103,-3.6001,0.1650,-5.7418,109.4862,113.2308,11463.2360,13114.0639,8.2988,1237.5332,0.0098,0,0,Stable period
2019-01-01,105.4013,11523.0909,14176.9565,1494269.6290,163362358.8142,2019,1,Jan,-0.6993,6.3499,-5.8351,-10.4298,106.3659,112.6865,11199.2953,13002.2485,8.6004,1319.9670,0.0091,0,0,Stable period
2019-02-01,101.3571,12685.2250,14032.2500,1422268.7679,178002248.5062,2019,2,Feb,-3.8369,10.0853,-9.0782,-6.6980,104.3007,111.8432,11681.1316,12926.3610,9.2047,1308.8665,0.0080,0,0,Stable period
2019-03-01,99.6699,13026.2738,14207.0952,1416019.7327,185065512.6094,2019,3,Mar,-1.6647,2.6886,-5.7299,-2.7346,102.1428,111.3383,12411.5299,12895.8422,9.7222,1301.2569,0.0077,0,1,Stable period
2019-04-01,88.7646,12772.7875,14137.6364,1254922.2427,180577025.0250,2019,4,Apr,-10.9414,-1.9460,-10.5406,-8.3606,96.5972,110.4668,12828.0954,12798.7328,11.2549,1259.2077,0.0069,0,0,Stable period
2019-05-01,89.5643,12016.3095,14386.1304,1288483.4966,172868196.1542,2019,5,May,0.9009,-5.9226,-18.1127,-16.3588,92.6663,108.8159,12605.1236,12602.8846,12.7793,1173.0185,0.0075,0,0,Stable period
2019-06-01,77.6298,11943.9375,14266.1500,1107478.6770,170394003.9656,2019,6,Jun,-13.3250,-0.6023,-36.1200,-20.9307,85.3196,105.1580,12244.3448,12339.4082,14.9147,877.6524,0.0065,0,0,Stable period
2019-07-01,77.8458,13546.3043,14043.9130,1093259.7507,190243120.3214,2019,7,Jul,0.2782,13.4157,-37.7661,-1.7947,81.6800,101.2213,12502.1838,12318.7782,15.4030,842.5643,0.0057,0,1,Stable period
2019-08-01,69.7393,15748.6429,14242.0455,993230.0771,224292887.4188,2019,8,Aug,-10.4136,16.2579,-43.6381,17.4277,75.0716,96.7217,13746.2949,12513.5524,16.0994,1276.5034,0.0044,0,1,Stable period
2019-09-01,66.9587,17656.8810,14111.0952,944860.2183,249157928.7268,2019,9,Sep,-3.9872,12.1168,-45.2187,41.1382,71.5146,92.1158,15650.6094,12942.4300,16.0446,1957.9826,0.0038,0,1,Stable period
2019-10-01,69.1943,17046.2174,14117.5652,976854.4028,240651085.7316,2019,10,Oct,3.3387,-3.4585,-39.7064,38.4193,68.6307,88.3185,16817.2471,13336.7054,15.5833,2271.4135,0.0041,0,1,Stable period
2019-11-01,69.7291,15171.8095,14068.7143,980998.5269,213447853.3878,2019,11,Nov,0.7729,-10.9960,-35.1677,34.9839,68.6273,85.1665,16624.9693,13664.3799,15.1586,2224.5389,0.0046,0,1,Stable period
2019-12-01,70.4646,13829.4250,14013.8636,987481.8962,193803676.1193,2019,12,Dec,1.0549,-8.8479,-33.6139,27.6357,69.7960,82.1932,15349.1506,13913.9087,14.1345,2038.4805,0.0051,0,0,Stable period
2020-01-01,72.1062,13506.8636,13739.5652,990707.4092,185578433.8142,2020,1,Jan,2.3296,-2.3324,-31.5889,17.2156,70.7666,79.4186,14169.3661,14079.2231,12.3155,1902.8963,0.0053,0,0,Stable period
2020-02-01,71.0502,12715.5500,13776.1500,978797.9175,175171324.1325,2020,2,Feb,-1.4645,-5.8586,-29.9012,0.2391,71.2070,76.8931,13350.6129,14081.7502,10.3598,1900.8959,0.0056,0,0,Stable period
2020-03-01,70.2049,11846.2273,15253.2727,1070854.0309,180693735.3802,2020,3,Mar,-1.1897,-6.8367,-29.5626,-9.0590,71.1204,74.4376,12689.5470,13983.4130,7.5929,1988.9455,0.0059,0,0,COVID crash
2020-04-01,64.6200,11804.0095,15884.4091,1026450.5155,187499715.8110,2020,4,Apr,-7.9551,-0.3564,-27.2007,-7.5847,68.6250,72.4256,12121.9289,13902.6815,6.5831,2060.9115,0.0055,0,0,COVID crash
2020-05-01,54.1483,12179.6053,14911.3333,807423.4741,181614153.9474,2020,5,May,-16.2050,3.1819,-39.5425,1.3590,62.9911,69.4743,11943.2807,13916.2894,6.1238,2047.8213,0.0044,0,0,COVID crash
2020-06-01,55.0028,12727.1523,14220.3636,782159.2445,180984733.3736,2020,6,Jun,1.5780,4.4956,-29.1474,6.5574,57.9237,67.5887,12236.9223,13981.5573,6.8275,1990.9351,0.0043,0,0,COVID crash
2020-07-01,51.6722,13402.3039,14585.4783,753663.8223,195479012.3693,2020,7,Jul,-6.0553,5.3048,-33.6224,-1.0630,53.6078,65.4075,12769.6871,13969.5573,7.4088,1994.2282,0.0039,0,0,COVID crash
2020-08-01,51.3825,14575.7829,14739.5238,757353.5821,214840098.4653,2020,8,Aug,-0.5607,8.7558,-26.3220,-7.4474,52.6858,63.8778,13568.4130,13871.8190,8.2773,1926.7056,0.0035,0,1,COVID crash
2020-09-01,52.0057,14857.4886,14847.9545,772177.9998,220603315.9323,2020,9,Sep,1.2128,1.9327,-22.3317,-15.8544,51.6868,62.6317,14278.5251,13638.5363,8.8753,1561.6407,0.0035,0,1,COVID crash
2020-10-01,58.0695,15239.3636,14749.1364,856474.6868,224767452.3678,2020,10,Oct,11.6599,2.5703,-16.0776,-10.5997,53.8192,61.7047,14890.8784,13487.9651,8.7069,1261.4651,0.0038,0,1,COVID crash
2020-11-01,62.9464,15807.7333,14236.8095,896156.3138,225051688.4698,2020,11,Nov,8.3985,3.7296,-9.7272,4.1915,57.6739,61.1394,15301.5285,13540.9588,8.3515,1348.9568,0.0040,1,1,COVID crash
2020-12-01,80.5898,16823.0386,14173.0870,1142206.1854,238434388.5458,2020,12,Dec,28.0292,6.4228,14.3691,21.6467,67.2019,61.9832,15956.7118,13790.4266,9.7703,1650.3045,0.0048,1,1,COVID crash
2021-01-01,90.9954,17863.1760,14063.9524,1279754.3697,251226856.6366,2021,1,Jan,12.9118,6.1828,26.1964,32.2526,78.1772,63.5573,16831.3160,14153.4526,12.6474,2019.9905,0.0051,1,1,COVID crash
2021-02-01,92.4857,18584.3800,14042.1000,1298693.6486,260963722.3980,2021,2,Feb,1.6378,4.0374,30.1696,46.1547,88.0236,65.3436,17756.8649,14642.5218,15.0815,2327.2940,0.0050,1,1,COVID crash
2021-03-01,95.2309,16406.6604,14417.3913,1372981.1585,236541243.4858,2021,3,Mar,2.9682,-11.7180,35.6471,38.4969,92.9040,67.4291,17618.0721,15022.5579,17.3713,2197.9135,0.0058,1,1,COVID crash
2021-04-01,97.8477,16521.2500,14558.1818,1424484.2951,240519361.3636,2021,4,Apr,2.7478,0.6984,51.4201,39.9630,95.1881,70.1981,17170.7635,15415.6612,19.4113,1981.0861,0.0059,1,1,COVID crash
2021-05-01,104.2071,17602.1025,14323.1905,1492578.7567,252118266.8889,2021,5,May,6.4994,6.5422,92.4476,44.5211,99.0952,74.3696,16843.3376,15867.5360,20.9653,1784.5270,0.0059,1,1,COVID crash
2021-06-01,132.1529,17979.5659,14338.2273,1894838.6318,257795102.2695,2021,6,Jun,26.8175,2.1444,140.2660,41.2694,111.4026,80.7988,17367.6395,16305.2371,25.7661,1576.2318,0.0074,1,1,Post-COVID surge
2021-07-01,153.1982,18818.5114,14511.4545,2223128.9233,273083972.2665,2021,7,Jul,15.9250,4.6661,196.4809,40.4125,129.8528,89.2593,18133.3933,16756.5878,31.3878,1438.8914,0.0081,1,1,Post-COVID surge
2021-08-01,173.5684,19141.2967,14396.3636,2498753.3314,275565067.2848,2021,8,Aug,13.2966,1.7153,237.7967,31.3226,152.9732,99.4415,18646.4580,17137.0473,37.2539,1413.1983,0.0091,1,1,Post-COVID surge
2021-09-01,188.1229,19376.8750,14256.9545,2682059.4860,276255226.1080,2021,9,Sep,8.3855,1.2307,261.7353,30.4182,171.6298,110.7846,19112.2277,17513.6628,41.9270,1351.3224,0.0097,1,1,Post-COVID surge
2021-10-01,240.7321,19362.3929,14193.5714,3416848.8654,274821506.0459,2021,10,Oct,27.9654,-0.0747,314.5588,27.0551,200.8078,126.0065,19293.5215,17857.2486,52.7978,1240.0714,0.0124,1,1,Post-COVID surge
2021-11-01,177.8016,19932.8632,14263.5000,2536073.4554,284312393.9939,2021,11,Nov,-26.1413,2.9463,182.4650,26.0956,202.2189,135.5777,19557.3770,18201.0094,50.6956,1191.0710,0.0089,1,1,Post-COVID surge
2021-12-01,181.4740,20015.5486,14328.9130,2600324.8733,286801054.9975,2021,12,Dec,2.0654,0.4148,125.1823,18.9770,200.0026,143.9847,19770.2682,18467.0519,49.0873,1211.6689,0.0091,1,1,Post-COVID surge
2022-01-01,231.7602,22355.4000,14335.2381,3322337.3412,320469981.7143,2022,1,Jan,27.7099,11.6902,154.6945,25.1480,197.0119,155.7151,20767.9373,18841.4039,52.0058,1629.9043,0.0104,1,1,Post-COVID surge
2022-02-01,272.4868,24015.5500,14353.5500,3911152.7029,344708397.7025,2022,2,Feb,17.5727,7.4262,194.6258,29.2244,228.5736,170.7152,22128.8329,19294.0014,57.7520,2204.7482,0.0113,1,1,Post-COVID surge
2022-03-01,353.4405,33924.1765,14348.6957,5071410.5674,486767683.4271,2022,3,Mar,29.7092,41.2592,271.1406,106.7708,285.8958,192.2327,26765.0422,20753.7944,73.1268,4608.3265,0.0104,1,1,Post-COVID surge
2022-04-01,334.7182,33133.8095,14370.6190,4810108.2162,476153354.2630,2022,4,Apr,-5.2972,-2.3298,242.0809,100.5527,320.2152,211.9719,30357.8453,22138.1743,77.1897,5608.0758,0.0101,1,1,Post-COVID surge
2022-05-01,418.4939,28228.8868,14565.8182,6095705.7313,411176832.8688,2022,5,May,25.0287,-14.8034,301.5981,60.3722,368.8842,238.1625,31762.2909,23023.7397,89.6192,5665.4116,0.0148,1,1,Post-COVID surge
2022-06-01,427.4250,25877.0682,14682.0000,6275453.8500,379927115.0455,2022,6,Jun,2.1341,-8.3312,223.4321,43.9249,393.5457,262.7685,29079.9215,23681.8649,98.0094,5481.9208,0.0165,1,1,Post-COVID surge
2022-07-01,433.6265,21481.8929,14984.3810,6497625.1256,321892866.1497,2022,7,Jul,1.4509,-16.9848,183.0493,14.1530,426.5151,286.1375,25195.9493,23903.8133,102.8228,5318.5999,0.0202,1,0,Post-COVID surge
2022-08-01,447.4476,22034.8913,14845.2609,6642475.8264,327113709.6456,2022,8,Aug,3.1873,2.5743,157.7933,15.1170,436.1664,308.9608,23131.2841,24144.9462,105.9143,5145.8378,0.0203,1,0,Post-COVID surge
2022-09-01,467.7837,22773.9664,14971.7727,7003550.8452,340966648.4949,2022,9,Sep,4.5449,3.3541,148.6586,17.5317,449.6193,332.2658,22096.9168,24428.0372,107.6617,4949.3757,0.0205,1,0,Post-COVID surge
2022-10-01,426.9092,22032.8929,15417.4762,6581862.1752,339691601.0323,2022,10,Oct,-8.7379,-3.2540,77.3378,13.7922,447.3801,347.7806,22280.5835,24650.5788,106.6822,4757.2068,0.0194,1,0,Post-COVID surge
2022-11-01,368.2583,25562.6977,15658.7273,5766455.9599,400279312.0665,2022,11,Nov,-13.7385,16.0206,107.1175,28.2440,420.9837,363.6520,23456.5190,25119.7317,92.2919,4521.4142,0.0144,1,1,Post-COVID surge
2022-12-01,427.6870,28985.9205,15615.0000,6678331.9475,452615147.8977,2022,12,Dec,16.1378,13.3915,135.6740,44.8170,407.6181,384.1697,25527.1703,25867.2627,73.5809,4338.6649,0.0148,1,1,Post-COVID surge
2023-01-01,404.5352,28271.4909,15286.9545,6184111.2771,432184996.4595,2023,1,Jan,-5.4132,-2.4647,74.5491,26.4638,400.1601,398.5677,27606.7030,26360.2703,55.8033,4238.2951,0.0143,1,1,Current period
2023-02-01,244.2054,26727.9500,15126.0000,3693850.2315,404286971.7000,2023,2,Feb,-39.6331,-5.4597,-10.3790,11.2943,358.8092,396.2109,27995.1205,26586.3036,61.8787,4173.7163,0.0091,0,1,Current period
2023-03-01,195.9992,23288.6083,15306.9130,3000143.0722,356476701.5528,2023,3,Mar,-19.7400,-12.8680,-44.5453,-31.3510,281.5799,383.0908,26096.0164,25700.0063,84.3739,3557.6183,0.0084,0,0,Current period
2023-04-01,200.6762,23770.7995,14846.6000,2979359.1299,352915551.8567,2023,4,Apr,2.3862,2.0705,-40.0462,-28.2582,213.6269,371.9206,24595.7859,24919.7554,98.9703,2703.1637,0.0084,0,0,Current period
2023-05-01,179.2623,22134.7826,14808.2174,2654555.4254,327776672.7788,2023,5,May,-10.6709,-6.8825,-57.1649,-21.5882,191.9792,351.9846,23064.7301,24411.9134,111.9761,2595.2565,0.0081,0,0,Current period
2023-06-01,138.6317,21233.2782,14948.1818,2072291.1967,317398902.8579,2023,6,Jun,-22.6655,-4.0728,-67.5659,-17.9456,172.8567,327.9185,22379.6201,24024.9309,124.6097,2700.9913,0.0065,0,0,Current period
2023-07-01,141.0296,21091.2619,15038.1905,2120829.8643,317174413.9070,2023,7,Jul,1.7297,-0.6688,-67.4767,-1.8184,152.9745,303.5354,21486.4409,23992.3783,130.5312,2736.5464,0.0067,0,0,Current period
2023-08-01,152.7925,20446.3583,15249.5217,2330013.0459,311797184.7852,2023,8,Aug,8.3408,-3.0577,-65.8524,-7.2092,144.1513,278.9808,20923.6328,23860.0006,128.6997,2874.7769,0.0075,0,0,Current period
2023-09-01,168.4791,19644.6429,15359.4286,2587742.4196,301730488.7755,2023,9,Sep,10.2666,-3.9211,-63.9835,-13.7408,154.1004,254.0388,20394.0877,23599.2236,117.2793,3114.2120,0.0086,0,0,Current period
2023-10-01,150.7383,18264.0355,15741.2273,2372806.0232,287498333.0071,2023,10,Oct,-10.5300,-7.0279,-64.6908,-17.1056,157.3366,231.0246,19451.6789,23285.1522,106.9110,3457.6481,0.0083,0,0,Current period
2023-11-01,132.1193,17027.3636,15617.4091,2063361.4411,265923303.6488,2023,11,Nov,-12.3519,-6.7711,-64.1232,-33.3898,150.4456,211.3463,18312.0140,22573.8743,100.9194,3806.8162,0.0078,0,0,Current period
2023-12-01,149.3622,16443.5238,15515.2381,2317390.3747,255125187.0295,2023,12,Dec,13.0510,-3.4288,-65.0767,-43.2707,144.0733,188.1526,17244.9743,21528.6746,75.4473,3602.6240,0.0091,0,0,Current period
2024-01-01,140.8179,16111.6670,15602.3478,2197089.1866,251379831.9137,2024,1,Jan,-5.7206,-2.0182,-65.1902,-43.0109,140.7665,166.1761,16527.5181,20515.3560,33.3561,3223.8390,0.0087,0,0,Current period
2024-02-01,128.7005,16338.4643,15669.3333,2016651.1945,256012843.0476,2024,2,Feb,-8.6050,1.4077,-47.2982,-38.8712,139.6269,156.5507,16297.8850,19649.5655,24.2018,2766.3481,0.0079,0,0,Current period
2024-03-01,137.7032,17397.3605,15705.5238,2162701.1108,273234659.1817,2024,3,Mar,6.9951,6.4810,-29.7430,-25.2967,135.7405,151.6927,16615.8306,19158.6282,21.2321,2578.1787,0.0079,0,0,Current period
2024-04-01,137.4954,18132.3641,16047.3636,2206437.9937,290976640.1538,2024,4,Apr,-0.1509,4.2248,-31.4840,-23.7200,134.6330,146.4277,17289.3963,18688.7585,14.8580,2137.3056,0.0076,0,0,Current period
2024-05-01,148.0061,19576.5465,16083.3043,2380426.6917,314855555.7885,2024,5,May,7.6444,7.9647,-17.4360,-11.5575,141.0682,143.8230,18368.7570,18475.5722,10.7506,1873.6578,0.0076,1,1,Current period
2024-06-01,143.5093,17498.0075,16325.0500,2342796.2645,285655847.3379,2024,6,Jun,-3.0382,-10.6175,3.5184,-17.5916,143.0036,144.2294,18402.3060,18164.2996,10.6279,1673.4432,0.0082,0,0,Current period
2024-07-01,141.9943,16334.8752,16261.6522,2309061.6847,265632059.0895,2024,7,Jul,-1.0557,-6.6472,0.6840,-22.5515,144.5032,144.3098,17803.1431,17767.9341,10.6052,1467.8045,0.0087,0,0,Current period
2024-08-01,151.6350,16303.2877,15793.1818,2394799.1250,257480787.3110,2024,8,Aug,6.7895,-0.1934,-0.7576,-20.2631,145.7129,144.2134,16712.0568,17422.6782,10.5260,1251.8991,0.0093,1,0,Current period
2024-09-01,148.7432,16167.6776,15345.0476,2282471.7064,248093782.9537,2024,9,Sep,-1.9071,-0.8318,-11.7141,-17.6993,147.4575,142.5687,16268.6135,17132.9311,7.4954,1081.6748,0.0092,1,0,Current period
2024-10-01,153.2175,16765.8035,15541.3478,2381206.4605,260563183.4395,2024,10,Oct,3.0081,3.6995,1.6447,-8.2032,151.1986,142.7753,16412.2563,17008.0784,7.7702,1024.1871,0.0091,1,0,Current period
2024-11-01,150.5700,15726.9476,15814.8095,2381235.8700,248718680.9862,2024,11,Nov,-1.7279,-6.1963,13.9652,-7.6372,150.8436,144.3129,16220.1429,16899.7104,7.2799,1088.7254,0.0096,1,0,Current period
2024-12-01,140.2243,15438.6564,16035.8182,2248611.1502,247571486.4188,2024,12,Dec,-6.8710,-1.8331,-6.1180,-6.1110,148.0039,143.5514,15977.1358,16815.9715,7.1810,1163.1063,0.0091,0,0,Current period
2025-01-01,125.3229,15374.0609,16259.4783,2037684.2706,249974208.4900,2025,1,Jan,-10.6269,-0.4184,-11.0036,-4.5781,138.7057,142.2601,15513.2216,16754.5043,8.9037,1221.7239,0.0082,0,0,Current period
2025-02-01,113.1739,15287.0310,16337.9000,1849024.3281,249757983.7749,2025,2,Feb,-9.6941,-0.5661,-12.0641,-6.4353,126.2404,140.9662,15366.5827,16666.8849,11.7322,1290.0657,0.0074,0,0,Current period
2025-03-01,104.7686,16048.2019,16468.7143,1725403.6685,264293251.9690,2025,3,Mar,-7.4269,4.9792,-23.9171,-7.7550,114.4218,138.2217,15569.7646,16554.4550,15.7345,1279.3625,0.0065,0,0,Current period
2025-04-01,101.1429,15146.0023,16768.4091,1696004.8045,253974362.2009,2025,4,Apr,-3.4607,-5.6218,-26.4391,-16.4698,106.3618,135.1923,15493.7451,16305.5915,19.0394,1234.1798,0.0067,0,0,Current period
2025-05-01,104.0379,15350.4032,16444.6818,1710869.4571,252432496.1058,2025,5,May,2.8623,1.3495,-29.7070,-21.5878,103.3164,131.5283,15514.8691,15953.4129,20.5223,705.8250,0.0068,0,0,Current period
2025-06-01,110.1386,15003.1076,16309.1429,1796265.6950,244687825.4601,2025,6,Jun,5.8639,-2.2625,-23.2533,-14.2582,105.1064,128.7474,15166.5044,15745.5046,21.0065,562.3551,0.0073,0,0,Current period
2025-07-01,116.2993,15034.0187,16276.4348,1892937.7390,244700224.8203,2025,7,Jul,5.5936,0.2060,-18.0958,-7.9637,110.1586,126.6062,15129.1765,15637.0999,20.8424,563.7948,0.0077,0,0,Current period
2025-08-01,119.2136,14948.0567,16299.2857,1943096.0613,243642646.4833,2025,8,Aug,2.5059,-0.5718,-21.3812,-8.3126,115.2171,123.9044,14995.0610,15524.1639,19.3510,553.8650,0.0080,0,0,Current period
2025-09-01,112.5343,15103.1836,16508.1818,1857736.4491,249326101.5025,2025,9,Sep,-5.6028,1.0378,-24.3432,-6.5841,116.0157,120.8870,15028.4197,15435.4561,17.8939,525.9724,0.0075,0,0,Current period
2025-10-01,111.4982,15092.1143,16607.3478,1851689.6269,250639992.4054,2025,10,Oct,-0.9207,-0.0733,-27.2288,-9.9828,114.4154,117.4104,15047.7849,15295.9820,14.8323,324.4211,0.0074,0,0,Current period
2025-11-01,115.4368,14670.7685,16703.0500,1928146.4034,245046579.7939,2025,11,Nov,3.5324,-2.7918,-23.3335,-6.7157,113.1564,114.4826,14955.3555,15207.9671,10.5375,339.7781,0.0079,1,0,Current period
2025-12-01,115.6843,14879.0300,16707.1304,1932752.4504,248585894.9530,2025,12,Dec,0.2144,1.4196,-17.5005,-3.6248,114.2064,112.4376,14880.6376,15161.3316,6.8094,343.6203,0.0078,1,0,Current period
2026-01-01,115.8150,17710.8636,16827.9545,1948929.5557,298037608.2335,2026,1,Jan,0.1130,19.0324,-7.5867,15.1996,115.6454,111.6453,15753.5540,15356.0651,5.6238,814.5624,0.0065,1,1,Current period
2026-02-01,122.2093,17173.1035,16825.7000,2056256.7784,288949487.5600,2026,2,Feb,5.5211,-3.0363,7.9836,12.3377,117.9029,112.3982,16587.6657,15513.2378,6.3985,967.6144,0.0071,1,1,Current period
2026-03-01,140.0561,17076.2927,16929.3636,2371060.1622,289090769.1410,2026,3,Mar,14.6035,-0.5637,33.6814,6.4063,126.0268,115.3388,17320.0866,15598.9121,9.7856,1060.3570,0.0082,1,1,Current period
2026-04-01,142.1100,17864.9164,17134.4545,2434977.3355,306105597.3911,2026,4,Apr,1.4665,4.6182,40.5042,17.9514,134.7918,118.7528,17371.4375,15825.4882,11.3963,1231.4638,0.0080,1,1,Current period
2026-05-01,141.4532,18879.2346,17134.4545,2423723.6707,323485387.3703,2026,5,May,-0.4622,5.6777,35.9632,22.9885,141.2064,121.8707,17940.1479,16119.5575,12.1010,1499.8022,0.0075,1,1,Current period
